customer_id,first_purchase,last_purchase,recency_days,total_orders,total_quantity,total_spent,churn
12346,2009-12-14,2011-01-18,325,13,148500,154740.06,1
12347,2010-10-31,2011-12-07,1,15,5425,9231.53,0
12348,2010-09-27,2011-09-25,74,9,5055,3816.64,0
12349,2010-04-29,2011-11-21,18,5,2255,6186.24,0
12350,2011-02-02,2011-02-02,309,2,394,668.8,1
12351,2010-11-29,2010-11-29,374,1,261,300.93,1
12352,2010-11-12,2011-11-03,35,18,1260,5355.88,0
12353,2010-10-27,2011-05-19,203,3,232,495.76,1
12354,2011-04-21,2011-04-21,231,2,1060,2158.8,1
12355,2010-05-21,2011-05-09,213,3,783,1407.01,1
12356,2010-10-11,2011-11-17,22,9,5007,9183.16,0
12357,2010-11-16,2011-11-06,32,4,9295,24495.33,0
12358,2009-12-08,2011-12-08,1,7,1327,5055.13,0
12359,2009-12-05,2011-10-13,57,14,4348,15183.42,0
12360,2010-02-22,2011-10-18,51,11,3624,6914.95,0
12361,2010-01-26,2011-02-25,286,5,326,701.15,1
12362,2009-12-01,2011-12-06,2,21,4459,10582.46,0
12363,2011-04-11,2011-08-22,109,4,816,1104.0,1
12364,2011-08-19,2011-12-02,7,8,3012,2626.2,0
12365,2011-02-21,2011-02-21,290,4,348,1282.76,1
12366,2010-03-16,2010-03-16,633,1,296,500.24,1
12367,2011-12-05,2011-12-05,3,2,346,337.8,0
12368,2010-03-21,2010-03-21,627,1,330,917.7,1
12369,2010-03-08,2010-10-22,412,3,1241,1791.15,1
12370,2010-02-09,2011-10-19,50,11,4956,7858.5,0
12371,2010-03-04,2011-10-26,44,7,2027,5955.34,0
12372,2011-02-16,2011-09-29,71,6,1588,2596.08,0
12373,2010-02-04,2011-02-01,310,4,713,1492.25,1
12374,2010-04-30,2011-11-14,24,5,1704,3732.15,0
12375,2011-09-02,2011-11-29,10,4,356,915.0,0
12376,2010-10-18,2010-11-15,389,2,240,503.15,1
12377,2010-04-29,2011-01-28,314,6,3049,5054.44,1
12378,2010-05-26,2011-08-02,129,3,5845,9424.94,1
12379,2010-06-23,2011-09-19,81,6,1222,2472.46,0
12380,2010-02-15,2011-11-18,21,15,4482,12401.11,0
12381,2011-08-12,2011-12-05,4,10,1616,3690.62,0
12383,2010-12-22,2011-06-08,184,10,3064,3701.12,1
12384,2011-08-10,2011-11-11,28,4,252,1170.54,0
12385,2010-11-25,2010-11-25,378,1,612,1938.4,1
12386,2010-12-08,2011-01-06,337,4,708,803.8,1
12387,2010-10-20,2010-10-20,414,1,134,143.94,1
12388,2010-05-06,2011-11-24,15,14,3463,6681.77,0
12389,2010-02-22,2010-11-02,402,3,614,1433.33,1
12390,2011-09-21,2011-09-21,79,2,706,1099.68,0
12391,2010-02-15,2011-11-18,21,7,1497,3164.5,0
12392,2010-04-27,2010-04-27,590,1,73,234.75,1
12393,2010-10-07,2011-09-28,71,10,2127,3982.05,0
12394,2011-05-06,2011-10-07,63,4,1638,2544.96,0
12395,2010-04-16,2011-11-20,18,27,5323,7739.8,0
12396,2010-02-03,2010-02-03,673,1,591,931.43,1
12397,2011-07-27,2011-11-04,35,4,2526,4819.8,0
12398,2011-10-25,2011-10-25,45,2,2788,3271.32,0
12399,2010-03-05,2011-08-12,118,11,3376,3070.95,1
12400,2010-10-21,2010-10-21,413,1,91,205.25,1
12401,2011-02-09,2011-02-09,302,2,22,168.6,1
12402,2010-02-07,2011-01-20,322,7,678,1482.5,1
12403,2010-07-06,2011-10-21,49,3,356,1447.06,0
12404,2010-01-26,2010-01-26,681,1,1,63.24,1
12405,2011-07-14,2011-07-14,148,2,1714,3420.78,1
12406,2010-01-11,2011-11-17,21,7,5234,9805.66,0
12407,2011-03-20,2011-10-21,49,10,2832,3416.24,0
12408,2010-07-29,2011-11-07,32,13,3638,7229.32,0
12409,2010-05-23,2011-09-22,78,10,18694,34491.96,0
12410,2010-07-25,2011-02-04,308,5,552,1707.04,1
12411,2010-10-26,2010-10-26,409,1,138,346.9,1
12412,2010-06-18,2011-09-26,74,9,2826,3823.81,0
12413,2010-11-02,2011-10-04,66,7,605,1757.55,0
12414,2010-09-02,2011-05-06,216,9,795,1514.82,1
12415,2010-06-30,2011-11-15,23,49,168821,269372.9,0
12416,2010-02-21,2010-02-21,656,1,132,202.56,1
12417,2009-12-06,2011-12-06,2,29,4436,10446.51,0
12418,2010-03-19,2011-08-19,112,5,1495,2689.78,1
12419,2010-10-22,2010-11-19,385,2,231,503.01,1
12420,2011-10-07,2011-10-07,63,2,690,1200.78,0
12421,2010-07-22,2011-11-24,15,10,1136,1905.64,0
12422,2009-12-18,2011-09-05,95,20,2966,6035.36,1
12423,2010-08-31,2011-12-09,0,18,3132,4481.7,0
12424,2010-06-09,2011-06-30,162,6,2765,5100.99,1
12425,2010-09-17,2011-09-22,77,3,1643,2518.61,0
12426,2010-02-15,2011-05-29,194,3,842,1927.94,1
12427,2010-12-03,2011-11-18,21,6,1066,1651.6,0
12428,2011-03-01,2011-11-14,25,18,7072,15912.92,0
12429,2010-06-11,2011-11-30,8,12,4447,9954.81,0
12430,2011-10-27,2011-10-27,42,2,234,512.8,0
12431,2010-01-15,2011-11-04,35,42,7496,16852.17,0
12432,2011-06-20,2011-10-28,42,10,3602,10118.64,0
12433,2010-08-20,2011-12-09,0,17,24605,30170.01,0
12434,2010-11-23,2011-09-16,84,5,926,1909.57,0
12435,2009-12-02,2011-09-21,79,8,7013,21755.82,0
12436,2011-09-01,2011-09-01,99,2,422,1018.02,1
12437,2009-12-02,2011-12-08,1,57,10922,17634.81,0
12438,2011-07-22,2011-11-25,13,4,2360,5813.7,0
12439,2009-12-14,2010-01-26,682,2,478,1142.88,1
12440,2009-12-22,2010-09-03,461,2,331,859.2,1
12441,2010-12-08,2010-12-08,366,2,242,347.1,1
12442,2011-12-06,2011-12-06,2,2,364,344.12,0
12443,2009-12-07,2009-12-07,731,1,182,485.31,1
12444,2011-06-21,2011-11-18,20,10,2306,10010.92,0
12445,2010-10-15,2011-11-17,21,3,268,568.38,0
12446,2011-10-13,2011-10-13,57,2,702,2004.62,0
12447,2011-04-10,2011-04-10,242,2,380,952.98,1
12448,2011-10-26,2011-10-26,43,2,486,898.9,0
12449,2010-09-27,2011-11-17,21,10,3835,8903.18,0
12450,2010-08-22,2011-07-06,155,7,570,886.08,1
12451,2010-06-28,2011-11-29,10,13,15934,21705.4,0
12452,2011-11-23,2011-11-23,16,4,370,861.14,0
12453,2011-07-28,2011-07-28,133,2,946,1414.18,1
12454,2010-10-14,2011-10-14,55,6,8709,20208.12,0
12455,2009-12-18,2011-09-27,72,16,5391,8346.81,0
12456,2011-03-30,2011-10-26,43,6,3266,6362.08,0
12457,2010-09-30,2011-10-04,65,15,1937,5359.14,0
12458,2010-08-09,2011-09-29,70,6,1492,2724.89,0
12459,2010-04-13,2010-04-13,604,1,258,454.36,1
12460,2010-09-09,2010-09-09,455,1,170,326.65,1
12461,2011-07-08,2011-09-06,93,4,574,1653.76,1
12462,2011-02-09,2011-11-21,18,4,1072,2379.18,0
12463,2011-04-12,2011-10-17,52,8,1552,2689.56,0
12464,2011-02-03,2011-11-29,9,16,224,2424.1,0
12465,2011-06-23,2011-11-22,16,4,958,1484.38,0
12466,2010-01-26,2010-01-26,681,1,1,56.73,1
12467,2010-10-12,2010-10-12,422,1,129,132.8,1
12468,2010-01-26,2011-06-05,187,7,2567,4400.28,1
12469,2010-06-21,2010-07-05,522,2,2552,3070.54,1
12470,2010-01-19,2010-01-19,689,1,95,211.95,1
12471,2009-12-07,2011-12-07,1,109,25058,59706.84,0
12472,2009-12-14,2011-11-07,31,26,14526,22821.4,0
12473,2011-06-01,2011-11-10,28,10,4828,7856.1,0
12474,2010-02-11,2011-11-22,16,49,12773,19696.84,0
12475,2010-10-26,2011-10-17,53,3,1306,1873.02,0
12476,2010-07-26,2011-11-24,15,34,8039,20900.33,0
12477,2010-03-26,2011-11-17,22,15,9772,33496.11,0
12478,2011-12-06,2011-12-06,3,2,472,1361.98,0
12479,2011-11-28,2011-11-28,10,2,770,1054.4,0
12480,2010-07-20,2011-11-11,27,11,4659,8746.48,0
12481,2010-04-11,2011-11-17,22,25,10452,17765.33,0
12482,2010-02-24,2010-05-12,575,29,27042,23691.4,1
12483,2010-01-31,2011-11-22,16,27,3270,7582.16,0
12484,2010-01-27,2011-11-07,32,18,5453,10881.42,0
12485,2010-06-28,2010-06-28,528,1,414,708.1,1
12486,2010-10-04,2010-10-04,431,1,523,1037.28,1
12487,2009-12-09,2009-12-09,730,1,174,285.3,1
12488,2011-09-25,2011-11-30,9,6,1058,2597.32,0
12489,2011-01-07,2011-01-07,335,2,210,669.86,1
12490,2009-12-01,2011-12-04,4,31,8970,15241.57,0
12491,2011-11-01,2011-11-01,38,2,520,920.8,0
12492,2010-11-01,2011-10-07,62,5,636,978.42,0
12493,2011-05-26,2011-06-27,165,4,414,867.48,1
12494,2010-05-12,2011-11-24,15,16,1686,3061.37,0
12495,2010-03-09,2010-03-09,640,1,130,357.4,1
12496,2010-03-29,2010-03-29,619,2,30,45.34,1
12497,2010-03-05,2011-09-19,81,4,6921,7291.6,0
12498,2011-10-13,2011-11-18,20,6,318,807.4,0
12499,2010-05-28,2010-05-28,559,1,302,393.72,1
12500,2010-02-04,2011-11-16,22,30,6055,10213.03,0
12501,2011-01-07,2011-01-07,336,2,3566,4338.78,1
12502,2011-02-03,2011-09-05,95,10,1640,7447.74,1
12503,2010-05-04,2010-05-04,583,1,561,1126.0,1
12504,2010-04-22,2011-11-21,17,6,548,1261.1,0
12505,2010-10-27,2010-10-27,408,1,324,955.2,1
12506,2011-04-21,2011-04-21,232,2,46,147.0,1
12507,2010-05-04,2011-07-28,133,7,2150,3148.87,1
12508,2011-11-10,2011-11-13,25,4,542,795.76,0
12509,2011-02-28,2011-02-28,283,2,110,353.0,1
12510,2009-12-04,2011-07-20,142,11,2402,6160.59,1
12511,2010-10-07,2010-10-07,428,1,1753,3084.02,1
12512,2011-10-04,2011-10-04,65,4,192,264.36,0
12513,2011-08-19,2011-08-19,112,2,924,1224.58,1
12514,2010-03-08,2011-03-17,266,3,1280,2615.44,1
12515,2010-12-21,2010-12-21,352,2,262,767.4,1
12516,2010-04-19,2011-09-23,77,6,2827,3960.68,0
12517,2011-06-02,2011-11-11,27,10,2722,4963.2,0
12518,2011-08-21,2011-12-09,0,10,2636,4113.78,0
12519,2010-08-20,2011-10-07,63,3,562,1047.38,0
12520,2011-03-11,2011-09-21,78,10,2878,5268.52,0
12521,2011-07-20,2011-07-20,142,2,618,1199.36,1
12522,2011-10-19,2011-10-31,38,4,388,385.44,0
12523,2009-12-07,2011-11-20,18,34,3128,6142.12,0
12524,2010-02-08,2011-11-30,8,25,10877,15611.83,0
12525,2010-03-02,2010-07-29,497,3,509,973.73,1
12526,2011-09-06,2011-12-09,0,6,1264,2633.32,0
12527,2010-06-28,2011-09-19,81,8,760,1084.22,0
12528,2011-01-31,2011-11-30,8,12,1512,3866.96,0
12529,2010-06-29,2010-06-29,527,1,192,316.48,1
12530,2010-03-07,2011-10-11,59,13,3626,5421.54,0
12531,2010-01-22,2011-11-25,14,3,1164,2058.42,0
12532,2011-11-09,2011-11-09,29,2,306,699.66,0
12533,2009-12-01,2010-03-22,627,2,704,1367.89,1
12534,2011-08-01,2011-08-01,130,2,1302,2178.36,1
12535,2011-06-06,2011-09-09,91,4,438,1432.7,1
12536,2011-10-11,2011-10-27,42,6,5606,25203.66,0
12537,2010-10-27,2010-10-27,408,1,449,732.94,1
12538,2010-11-26,2011-11-10,28,3,527,1004.4,0
12539,2009-12-23,2011-11-17,21,11,6602,16783.1,0
12540,2009-12-07,2011-11-20,19,50,17704,35654.73,0
12541,2011-03-04,2011-11-10,29,6,1360,1962.36,0
12542,2010-03-09,2010-08-12,483,2,522,481.88,1
12543,2010-09-17,2010-09-17,447,1,688,980.25,1
12544,2011-11-03,2011-11-03,35,2,272,745.4,0
12545,2011-03-25,2011-09-25,74,4,1046,2000.78,0
12546,2011-09-23,2011-10-24,46,4,1266,2323.0,0
12547,2010-07-27,2011-05-26,197,5,443,591.38,1
12548,2011-06-26,2011-06-26,165,2,98,190.4,1
12549,2010-01-11,2010-05-13,575,6,1366,1575.68,1
12550,2011-09-21,2011-09-21,78,2,1138,1929.66,0
12551,2010-12-17,2010-12-17,357,2,200,336.0,1
12552,2011-10-31,2011-11-01,38,4,176,875.64,0
12553,2010-10-12,2011-12-01,7,22,4290,8301.03,0
12554,2010-09-17,2010-09-17,448,1,240,468.5,1
12555,2010-01-26,2010-01-26,681,1,1,129.23,1
12556,2011-07-11,2011-10-20,49,4,710,1199.12,0
12557,2009-12-17,2011-11-23,15,13,10766,30087.1,0
12558,2011-12-02,2011-12-02,7,2,392,539.92,0
12559,2011-01-24,2011-02-02,310,4,566,1123.42,1
12560,2011-07-19,2011-12-04,4,6,2220,4268.02,0
12561,2011-02-10,2011-02-10,302,2,354,477.7,1
12562,2010-09-30,2011-12-01,7,16,4106,8748.66,0
12563,2010-10-27,2010-10-27,408,1,113,249.24,1
12564,2011-03-23,2011-03-23,260,2,266,913.8,1
12565,2011-02-24,2011-02-24,288,2,160,291.84,1
12566,2011-09-14,2011-09-14,85,2,530,703.3,0
12567,2010-02-11,2011-11-17,22,25,9613,21168.76,0
12568,2010-03-05,2010-03-05,644,1,48,70.0,1
12569,2011-04-01,2011-12-07,1,64,3602,8249.38,0
12570,2010-01-26,2010-01-26,681,1,1,77.52,1
12571,2011-08-10,2011-10-31,39,4,1046,1039.22,0
12572,2011-10-19,2011-12-01,8,4,904,2040.84,0
12573,2010-08-31,2011-04-26,226,6,563,877.95,1
12574,2011-01-28,2011-01-28,315,2,122,436.9,1
12575,2010-07-01,2010-09-08,456,2,315,622.82,1
12576,2010-07-01,2011-11-04,35,13,2461,3458.55,0
12577,2009-12-03,2011-11-04,34,11,1660,2243.7,0
12578,2010-09-22,2011-11-18,20,6,3576,7436.96,0
12579,2011-09-22,2011-09-22,77,2,570,880.84,0
12580,2010-05-12,2011-04-07,246,3,807,1468.6,1
12581,2011-10-31,2011-10-31,39,2,322,395.42,0
12582,2010-05-11,2011-04-15,238,6,1285,2491.76,1
12583,2009-12-06,2011-12-07,2,42,13595,20872.96,0
12584,2011-03-04,2011-12-06,3,18,832,4676.3,0
12585,2010-12-23,2011-04-19,233,4,2558,4080.2,1
12586,2009-12-16,2011-11-22,16,5,766,2259.61,0
12587,2011-12-02,2011-12-02,7,2,102,288.0,0
12588,2010-04-21,2011-10-31,38,5,491,1173.68,0
12589,2010-01-19,2011-11-11,28,10,2070,5342.34,0
12590,2011-05-12,2011-05-12,210,4,8566,19728.52,1
12591,2010-10-27,2011-01-26,316,4,881,1791.8,1
12592,2010-07-08,2011-09-08,91,7,2165,3020.26,1
12593,2011-05-05,2011-08-23,108,6,412,836.2,1
12594,2010-03-03,2011-11-02,37,25,4545,8428.33,0
12595,2010-07-23,2010-07-23,504,1,271,299.02,1
12596,2011-04-11,2011-10-19,50,4,948,1236.54,0
12597,2011-03-16,2011-11-20,18,8,4472,7622.44,0
12598,2010-03-01,2011-11-30,9,19,4870,7557.17,0
12599,2010-05-11,2011-11-10,28,20,3145,3329.3,0
12600,2009-12-07,2011-11-11,28,31,2157,7566.46,0
12601,2010-10-31,2011-06-03,189,11,535,1258.32,1
12602,2011-10-12,2011-10-12,58,2,324,306.24,0
12603,2011-11-18,2011-11-18,21,2,126,1478.4,0
12604,2011-03-23,2011-09-21,78,4,402,508.36,0
12605,2010-09-07,2010-11-28,375,4,929,1232.95,1
12606,2010-01-26,2010-01-26,681,1,1,21.0,1
12607,2011-10-10,2011-10-10,59,2,2456,3159.02,0
12608,2010-10-31,2010-10-31,404,1,323,415.79,1
12609,2009-12-20,2011-09-22,77,12,2201,4562.71,0
12610,2011-08-05,2011-11-17,22,10,2098,4199.08,0
12611,2011-10-18,2011-10-18,51,2,1692,2386.64,0
12612,2011-09-26,2011-09-26,73,2,524,1408.08,0
12613,2009-12-14,2011-10-13,56,15,5801,10161.75,0
12614,2011-03-07,2011-03-07,277,2,152,631.2,1
12615,2010-03-18,2011-12-07,1,12,4693,8032.17,0
12616,2010-11-16,2011-09-05,94,5,782,1844.4,1
12617,2011-11-10,2011-11-10,28,2,420,705.96,0
12618,2011-11-18,2011-11-18,21,2,192,354.62,0
12619,2010-05-28,2011-11-23,15,19,6896,7422.62,0
12620,2011-05-19,2011-11-25,14,6,2362,2678.82,0
12621,2010-02-09,2011-12-08,1,55,21146,38000.87,0
12622,2011-04-21,2011-04-21,231,2,138,360.2,1
12623,2010-01-12,2011-03-08,275,8,2162,4052.94,1
12624,2011-06-15,2011-08-25,105,4,710,1282.26,1
12625,2010-04-22,2011-05-12,211,6,4921,7848.7,1
12626,2011-01-17,2011-11-16,22,18,6906,13240.96,0
12627,2011-07-22,2011-11-29,10,14,5504,8957.06,0
12628,2011-10-06,2011-12-05,3,6,896,1572.92,0
12629,2010-10-12,2010-11-19,385,2,722,1558.22,1
12630,2011-10-27,2011-11-30,9,4,1096,2541.76,0
12631,2010-01-15,2011-10-13,56,7,1843,4122.07,0
12632,2010-05-24,2010-07-07,520,2,694,804.88,1
12633,2010-07-02,2011-10-12,58,11,4400,7842.14,0
12634,2010-06-09,2010-06-22,535,2,337,490.0,1
12635,2010-09-09,2011-09-11,89,6,3121,4619.59,0
12636,2009-12-01,2009-12-01,738,1,1,141.0,1
12637,2010-06-14,2011-10-03,66,20,7251,14286.71,0
12638,2010-03-10,2011-11-06,32,3,1240,1593.18,0
12639,2010-03-22,2011-04-15,238,4,832,1798.47,1
12640,2011-09-19,2011-11-16,23,6,622,2349.16,0
12641,2011-08-16,2011-08-16,114,2,144,371.8,1
12642,2011-08-24,2011-11-14,24,6,1104,2026.52,0
12643,2010-04-07,2011-08-03,127,18,6473,11649.46,1
12644,2010-01-14,2011-08-02,129,5,1357,2396.4,1
12645,2010-02-09,2011-11-06,33,12,3209,5314.48,0
12646,2011-10-21,2011-12-05,4,4,1794,2693.94,0
12647,2010-01-13,2011-11-17,21,48,8064,20678.37,0
12648,2010-01-07,2011-07-08,154,5,678,1430.05,1
12649,2010-01-12,2011-08-24,106,11,2545,2918.16,1
12650,2011-12-06,2011-12-06,2,2,508,628.88,0
12651,2010-08-31,2011-01-09,334,5,343,491.75,1
12652,2010-10-01,2011-01-12,330,3,1041,1937.01,1
12653,2010-07-01,2011-07-14,148,5,2600,6370.68,1
12654,2011-02-17,2011-11-29,10,10,528,1203.96,0
12655,2010-10-12,2010-10-12,423,1,80,261.35,1
12656,2010-05-26,2011-11-22,16,13,4583,10459.0,0
12657,2011-09-22,2011-11-28,10,8,2088,3286.36,0
12658,2011-11-21,2011-11-21,18,2,640,1372.1,0
12659,2011-11-10,2011-11-10,29,2,210,183.36,0
12660,2011-11-28,2011-11-28,10,2,254,490.2,0
12661,2010-09-29,2010-09-29,435,1,216,162.0,1
12662,2010-04-01,2011-12-09,0,31,5482,10576.32,0
12663,2010-02-09,2010-03-25,624,2,181,239.4,1
12664,2009-12-13,2011-12-01,7,20,2698,10951.92,0
12665,2010-02-08,2011-01-19,324,4,202,376.6,1
12666,2010-11-10,2010-11-10,393,1,370,1248.42,1
12667,2011-10-12,2011-10-12,57,2,790,1240.26,0
12668,2010-01-31,2011-11-28,11,14,6683,15190.18,0
12669,2011-03-28,2011-07-12,150,6,2230,5488.06,1
12670,2010-02-11,2011-11-29,9,12,3024,6756.34,0
12671,2010-04-12,2010-04-12,605,1,1460,2622.48,1
12672,2010-04-23,2011-01-14,329,3,216,662.95,1
12673,2010-11-03,2011-12-04,4,5,1051,1840.54,0
12674,2011-05-16,2011-11-01,38,8,2266,3941.2,0
12675,2010-05-10,2010-06-04,553,2,336,957.25,1
12676,2010-08-13,2011-11-15,24,17,2537,4174.48,0
12677,2010-02-11,2010-06-02,554,2,176,395.1,1
12678,2010-01-07,2011-10-28,41,33,33295,51909.64,0
12679,2011-03-01,2011-10-12,58,8,1108,2226.04,0
12680,2011-08-18,2011-12-09,0,8,887,1743.62,0
12681,2009-12-13,2011-11-25,14,67,24547,43622.3,0
12682,2009-12-01,2011-12-06,3,83,16077,35230.04,0
12683,2009-12-13,2011-12-05,3,36,12006,20110.27,0
12684,2011-05-10,2011-12-02,7,14,3970,4567.26,0
12685,2011-09-07,2011-11-11,27,12,3046,5726.16,0
12686,2010-12-03,2010-12-03,371,2,214,178.28,1
12687,2010-08-16,2010-08-16,480,2,1403,2138.91,1
12688,2011-08-18,2011-08-18,113,2,6056,9747.62,1
12689,2011-08-04,2011-11-14,25,4,1256,2495.22,0
12690,2011-05-18,2011-05-18,205,2,212,778.02,1
12691,2010-10-15,2011-11-11,27,13,839,2206.2,0
12692,2010-03-12,2010-03-12,636,1,36,110.95,1
12693,2010-07-05,2011-08-04,126,11,791,2558.93,1
12694,2010-10-14,2011-09-30,69,5,1864,2713.02,0
12695,2010-02-12,2011-12-02,6,11,674,1989.22,0
12696,2010-07-19,2010-10-01,434,2,564,851.91,1
12697,2011-06-23,2011-11-11,28,6,1016,1915.18,0
12698,2010-04-28,2010-04-28,589,1,111,339.75,1
12699,2010-10-18,2010-10-18,417,1,373,638.11,1
12700,2011-05-08,2011-12-02,7,8,5934,9879.98,0
12701,2010-03-16,2011-09-21,79,8,2405,3244.12,0
12702,2011-11-20,2011-11-20,19,2,106,438.0,0
12703,2010-01-24,2011-09-29,70,5,759,1290.08,0
12704,2011-06-23,2011-12-02,6,16,2012,4681.68,0
12705,2010-06-24,2011-11-24,14,23,11185,18630.39,0
12707,2011-02-21,2011-02-21,291,2,512,1206.84,1
12708,2009-12-18,2011-11-10,29,28,3739,7830.57,0
12709,2009-12-09,2011-11-24,14,49,17684,39998.28,0
12710,2011-05-22,2011-09-04,96,6,1702,2298.04,1
12711,2010-02-01,2010-04-07,611,2,770,1339.05,1
12712,2009-12-09,2011-11-11,28,34,3267,11119.16,0
12713,2011-12-09,2011-12-09,0,2,1016,1697.1,0
12714,2009-12-04,2011-11-30,8,17,11843,18802.57,0
12715,2011-08-25,2011-08-25,105,2,384,686.72,1
12716,2011-07-29,2011-12-06,3,4,1416,2106.98,0
12717,2010-04-28,2011-07-11,150,5,1106,2339.89,1
12718,2011-09-29,2011-09-29,70,2,406,476.5,0
12719,2011-10-05,2011-12-04,4,4,748,1289.9,0
12720,2010-07-21,2011-12-07,2,55,10690,13569.01,0
12721,2010-08-25,2011-11-08,31,14,4614,6669.21,0
12722,2011-07-12,2011-09-15,84,8,1132,1995.26,0
12723,2011-10-05,2011-12-06,3,10,868,1450.14,0
12724,2010-06-22,2011-12-04,4,11,1824,3348.93,0
12725,2010-05-04,2010-12-03,370,5,1306,2694.56,1
12726,2010-03-25,2011-11-11,27,18,7761,6623.7,0
12727,2010-02-23,2011-11-29,10,17,4930,9660.23,0
12728,2010-11-21,2011-09-29,70,9,962,1906.5,0
12729,2011-08-18,2011-08-18,113,2,466,906.02,1
12730,2010-07-06,2010-07-06,521,1,234,829.25,1
12731,2010-03-02,2011-11-16,23,29,20078,44671.62,0
12732,2011-06-13,2011-06-13,179,2,222,472.52,1
12733,2010-01-19,2011-04-19,233,5,1033,2808.82,1
12734,2010-11-12,2010-12-22,352,4,353,750.05,1
12735,2011-01-06,2011-01-28,314,4,736,1559.14,1
12736,2011-01-11,2011-01-11,332,2,346,468.0,1
12737,2010-07-29,2010-07-29,498,2,2,3710.5,1
12738,2010-12-02,2010-12-02,371,2,296,310.7,1
12739,2010-11-10,2011-09-22,77,6,1437,3739.77,0
12740,2011-10-07,2011-10-07,63,2,684,855.2,0
12741,2010-06-24,2010-06-28,528,2,214,406.07,1
12742,2010-03-24,2010-03-24,625,1,1359,1201.52,1
12743,2011-07-28,2011-07-28,133,4,630,1080.26,1
12744,2010-04-27,2011-10-19,51,18,12235,46596.35,0
12745,2010-01-26,2010-08-10,486,3,468,925.41,1
12746,2010-06-17,2010-06-17,540,1,97,254.55,1
12747,2009-12-07,2011-12-07,1,37,3915,13094.49,0
12748,2009-12-04,2011-12-09,0,545,62396,86592.83,0
12749,2010-07-06,2011-12-06,3,14,3831,10988.24,0
12750,2011-08-03,2011-08-03,128,2,274,551.76,1
12751,2010-09-21,2010-09-21,444,1,189,268.27,1
12752,2011-09-19,2011-09-19,80,2,4524,8733.56,0
12753,2010-12-12,2011-11-17,22,12,22842,42858.78,0
12754,2011-02-04,2011-04-18,235,6,12962,6021.48,1
12755,2010-01-15,2011-03-04,280,13,3784,9048.21,1
12756,2011-09-14,2011-09-14,86,2,288,224.16,0
12757,2011-05-12,2011-11-24,15,26,4790,15669.3,0
12758,2009-12-01,2011-08-15,116,9,8290,12694.83,1
12759,2009-12-04,2011-10-18,51,11,4104,6552.18,0
12760,2010-09-10,2010-09-10,455,1,198,347.8,1
12761,2010-09-01,2010-09-08,457,2,281,782.95,1
12762,2011-11-14,2011-12-02,7,4,2454,3797.04,0
12763,2010-12-05,2011-07-24,137,4,632,988.16,1
12764,2011-01-27,2011-01-27,316,2,772,3387.76,1
12765,2010-03-08,2010-08-24,471,6,1009,1404.58,1
12766,2010-10-28,2011-12-06,3,16,8668,15908.62,0
12767,2010-11-29,2010-11-29,375,1,598,949.82,1
12768,2010-09-15,2010-09-15,450,1,102,168.69,1
12769,2011-04-15,2011-04-15,238,2,712,2287.2,1
12770,2010-09-09,2011-05-13,210,3,2586,4597.9,1
12771,2010-08-11,2010-08-11,485,1,104,282.3,1
12772,2011-10-11,2011-10-11,59,2,1112,1784.94,0
12773,2010-05-24,2010-05-24,563,1,109,124.25,1
12774,2010-06-22,2010-06-22,535,1,53,98.7,1
12775,2010-10-26,2011-11-22,16,12,1960,3072.16,0
12776,2010-02-10,2010-02-10,667,1,46,55.5,1
12777,2010-09-08,2010-09-08,457,1,458,519.45,1
12778,2010-04-16,2011-11-20,19,15,2560,2597.91,0
12779,2009-12-03,2011-11-02,37,22,5525,10455.47,0
12780,2010-04-20,2010-04-20,598,1,285,337.4,1
12781,2011-02-28,2011-10-07,63,4,1342,1653.48,0
12782,2010-07-08,2011-12-05,4,16,3103,6949.16,0
12783,2011-09-25,2011-12-07,1,12,1248,4451.82,0
12784,2010-06-28,2011-11-30,8,5,1142,2295.97,0
12785,2009-12-08,2010-12-10,363,4,584,1412.35,1
12786,2010-04-09,2010-04-09,609,1,324,728.5,1
12787,2010-10-22,2011-11-30,9,7,771,1325.84,0
12788,2010-06-29,2010-09-02,462,4,194,444.9,1
12789,2010-01-15,2011-10-05,64,4,40,365.2,0
12790,2010-10-25,2011-05-31,191,3,472,916.77,1
12791,2010-03-25,2010-12-01,373,7,450,1056.11,1
12792,2010-06-23,2011-03-28,256,3,611,1227.55,1
12793,2010-11-03,2011-01-09,334,5,756,1431.01,1
12794,2011-09-02,2011-10-17,52,4,1184,1720.82,0
12795,2011-11-21,2011-11-21,18,2,136,860.96,0
12796,2010-03-21,2010-03-21,627,1,182,381.0,1
12797,2010-10-11,2010-12-09,365,3,333,806.11,1
12798,2010-10-14,2011-11-29,9,7,13711,15487.97,0
12799,2010-06-28,2010-06-28,528,1,137,219.35,1
12800,2010-02-01,2010-08-26,469,3,284,584.25,1
12801,2010-07-27,2010-07-27,500,1,505,1071.82,1
12802,2010-05-25,2011-06-06,186,8,2286,2844.0,1
12803,2010-11-11,2010-11-11,392,1,872,1092.81,1
12804,2010-07-27,2010-08-31,465,2,270,325.37,1
12805,2010-02-03,2010-11-23,381,4,593,1434.95,1
12806,2010-04-30,2010-09-30,434,4,2087,2878.96,1
12807,2010-11-21,2010-11-21,382,1,145,330.35,1
12808,2010-09-03,2011-11-03,36,8,510,1260.35,0
12809,2010-03-02,2011-06-15,177,4,738,2245.25,1
12810,2010-02-01,2010-06-23,534,2,389,534.99,1
12811,2010-10-08,2011-03-24,260,8,665,1548.75,1
12812,2011-10-26,2011-10-26,44,2,328,459.28,0
12813,2010-01-15,2010-07-26,501,3,1141,1687.8,1
12814,2011-08-30,2011-08-30,101,2,98,251.84,1
12815,2011-05-25,2011-07-15,147,4,758,2126.92,1
12816,2011-06-16,2011-09-05,95,4,256,1144.4,1
12817,2010-10-01,2011-03-03,280,4,272,857.02,1
12818,2011-03-23,2011-03-23,261,2,1858,3084.16,1
12819,2010-09-07,2010-09-07,457,1,344,540.52,1
12820,2009-12-05,2011-12-06,2,15,2686,3631.86,0
12821,2010-04-07,2011-05-09,213,3,232,313.52,1
12822,2011-09-13,2011-09-30,70,4,1100,1897.76,0
12823,2010-01-29,2011-09-26,74,23,1160,8261.0,0
12824,2011-10-11,2011-10-11,59,2,464,794.24,0
12825,2010-03-08,2010-07-06,520,2,139,518.63,1
12826,2009-12-18,2011-12-07,2,19,2973,4275.47,0
12827,2011-10-26,2011-12-04,5,6,394,860.3,0
12828,2011-08-01,2011-12-07,2,12,988,2037.42,0
12829,2010-06-07,2011-01-07,336,5,926,678.3,1
12830,2011-06-21,2011-11-02,37,12,19696,13629.28,0
12831,2010-09-02,2011-03-22,261,4,438,666.16,1
12832,2011-09-02,2011-11-07,31,4,390,766.06,0
12833,2011-07-17,2011-07-17,144,2,312,834.76,1
12834,2011-03-02,2011-03-02,282,2,220,624.76,1
12835,2009-12-03,2010-10-08,427,41,2349,5996.83,1
12836,2009-12-01,2011-10-11,58,19,3293,9170.09,0
12837,2010-05-19,2011-06-19,172,3,218,796.76,1
12838,2010-04-26,2011-11-06,33,12,1961,3647.86,0
12839,2009-12-07,2011-12-07,2,40,10385,15260.54,0
12840,2010-02-03,2011-07-19,143,11,3769,6768.74,1
12841,2010-07-08,2011-12-05,4,65,7728,10949.78,0
12842,2009-12-02,2011-09-30,69,6,1434,3036.98,0
12843,2009-12-13,2011-10-05,65,38,3809,8285.62,0
12844,2010-04-25,2011-11-10,28,6,348,974.56,0
12845,2011-02-22,2011-03-17,266,8,408,708.18,1
12846,2010-01-26,2010-01-26,681,1,1,15.58,1
12847,2010-11-17,2011-11-17,21,3,2370,2452.64,0
12848,2010-02-02,2010-02-02,675,1,58,208.0,1
12849,2010-04-27,2011-11-08,30,8,2452,4052.76,0
12850,2010-09-20,2010-09-20,445,1,200,330.0,1
12851,2010-08-19,2011-09-04,96,3,263,412.57,1
12852,2011-02-18,2011-02-18,294,2,298,623.1,1
12853,2010-02-05,2011-07-28,134,17,2468,5864.6,1
12854,2009-12-11,2011-09-22,78,10,2256,4287.22,0
12855,2010-11-02,2010-12-02,372,5,270,650.94,1
12856,2011-10-07,2011-12-02,7,12,2152,4341.56,0
12857,2010-01-25,2011-05-13,210,8,1763,4794.4,1
12858,2010-11-21,2010-11-21,382,1,51,147.27,1
12859,2010-09-07,2010-09-07,458,1,292,575.1,1
12860,2010-01-15,2010-01-15,692,1,26,54.22,1
12861,2010-03-30,2010-03-30,619,1,27,68.25,1
12862,2010-08-01,2010-10-10,425,2,611,984.62,1
12863,2010-04-29,2011-10-18,51,7,1083,3313.75,0
12864,2010-07-19,2011-07-24,137,3,663,446.69,1
12865,2010-08-20,2011-11-13,25,6,2898,4891.7,0
12866,2010-07-25,2011-03-01,282,4,724,1786.47,1
12867,2009-12-16,2011-11-13,25,20,12160,11838.6,0
12868,2010-11-12,2011-06-07,185,14,2098,3650.82,1
12869,2010-01-27,2010-01-27,681,1,144,337.67,1
12870,2010-03-25,2010-11-29,374,3,906,1676.95,1
12871,2010-09-26,2011-09-16,83,5,684,1124.66,0
12872,2009-12-03,2011-01-17,326,14,1961,3883.93,1
12873,2010-01-27,2011-03-02,281,4,914,2401.3,1
12874,2010-06-03,2010-11-19,384,2,623,948.42,1
12875,2010-01-11,2011-07-19,142,7,7206,1700.22,1
12876,2010-04-28,2011-10-13,57,6,4988,6299.81,0
12877,2010-01-18,2011-12-06,3,32,3415,4477.91,0
12878,2011-03-18,2011-04-17,235,4,1094,1709.98,1
12879,2011-09-09,2011-10-26,44,6,740,1146.44,0
12880,2010-05-14,2010-11-23,381,2,279,640.13,1
12881,2011-03-09,2011-03-09,275,2,42,596.0,1
12882,2011-11-06,2011-11-30,8,4,492,2926.08,0
12883,2011-09-11,2011-11-15,24,8,392,1406.94,0
12884,2011-09-12,2011-09-12,87,2,86,618.1,0
12885,2011-08-08,2011-10-07,62,6,1310,2350.44,0
12886,2011-05-04,2011-10-03,67,4,1540,2756.8,0
12887,2010-11-21,2010-11-21,383,1,100,222.4,1
12888,2011-03-29,2011-05-09,213,4,152,708.24,1
12889,2010-07-25,2010-11-23,380,4,124,385.46,1
12890,2010-11-17,2011-11-15,23,3,713,1082.74,0
12891,2010-02-18,2011-06-07,185,14,3275,1171.5,1
12892,2010-11-08,2010-11-08,396,1,140,263.38,1
12893,2011-11-09,2011-11-09,30,2,180,353.1,0
12894,2010-05-13,2010-05-13,574,1,33,157.35,1
12895,2011-09-14,2011-10-28,41,4,420,745.6,0
12897,2010-06-14,2011-05-19,204,6,359,730.75,1
12898,2010-02-18,2010-09-02,463,2,235,296.21,1
12899,2010-10-22,2010-10-22,413,1,108,366.4,1
12900,2010-10-13,2010-10-13,421,1,139,340.33,1
12901,2011-03-14,2011-12-01,8,56,46150,35309.08,0
12902,2011-03-20,2011-03-20,264,2,132,277.36,1
12903,2010-10-07,2010-10-07,428,1,493,833.53,1
12904,2011-06-20,2011-11-21,17,4,588,992.12,0
12905,2010-01-26,2010-05-12,576,2,532,1018.42,1
12906,2011-09-22,2011-11-28,11,10,3498,5839.62,0
12907,2010-08-02,2010-11-09,395,2,177,508.91,1
12908,2010-03-19,2011-06-16,175,7,4200,2526.0,1
12909,2010-02-24,2011-10-31,39,13,3228,5281.86,0
12910,2010-03-28,2011-11-16,22,21,5324,8871.56,0
12911,2010-06-06,2010-06-06,551,1,807,1651.72,1
12912,2011-10-30,2011-12-07,2,10,1340,3324.6,0
12913,2009-12-01,2011-12-05,4,18,4505,8766.87,0
12914,2010-11-04,2010-11-04,400,1,336,223.98,1
12915,2010-04-29,2011-07-14,148,6,504,1338.75,1
12916,2010-01-24,2011-07-24,138,11,2764,7424.68,1
12917,2009-12-09,2011-08-03,127,7,1224,4953.2,1
12918,2010-03-23,2010-03-23,625,1,1,10953.5,1
12919,2011-06-23,2011-12-01,7,12,1346,2670.38,0
12920,2009-12-14,2011-11-22,16,5,548,649.42,0
12921,2009-12-01,2011-11-30,8,111,30854,51820.33,0
12922,2011-07-01,2011-07-01,160,2,740,810.76,1
12923,2010-05-13,2011-10-06,63,4,298,943.24,0
12924,2009-12-09,2011-09-12,87,16,1904,3403.1,0
12925,2010-04-26,2011-12-05,4,5,1190,1423.38,0
12926,2009-12-14,2010-10-24,410,4,754,1523.97,1
12927,2010-11-10,2010-11-10,394,1,145,197.31,1
12928,2010-06-08,2011-11-04,34,17,4371,6367.59,0
12929,2011-02-01,2011-02-01,311,2,74,235.7,1
12930,2011-06-21,2011-09-22,77,4,504,831.6,0
12931,2009-12-01,2011-11-18,21,72,90910,134403.3,0
12932,2010-02-10,2010-06-18,538,8,1609,1698.56,1
12933,2009-12-10,2011-11-15,23,11,1448,2244.16,0
12934,2009-12-03,2009-12-03,736,1,31,181.65,1
12935,2010-04-11,2011-12-07,1,22,5054,6404.56,0
12936,2011-09-22,2011-11-22,16,8,1118,2127.8,0
12937,2009-12-03,2011-11-24,14,13,2990,4601.88,0
12938,2011-11-14,2011-11-14,25,2,280,228.28,0
12939,2010-01-12,2011-10-06,63,28,15204,36846.6,0
12940,2011-09-13,2011-10-16,54,4,808,1799.38,0
12941,2009-12-15,2009-12-15,723,1,381,377.49,1
12942,2010-12-09,2011-07-31,130,6,396,1351.2,1
12943,2010-04-13,2010-05-30,557,2,222,496.5,1
12944,2010-12-20,2011-11-04,35,4,578,1209.02,0
12945,2010-02-21,2011-02-24,287,3,611,1363.06,1
12946,2010-09-29,2010-09-29,436,1,149,324.45,1
12947,2010-12-01,2011-07-19,143,12,2330,3207.98,1
12948,2009-12-02,2011-11-23,15,16,2384,4382.38,0
12949,2009-12-03,2011-11-09,30,30,10614,19693.92,0
12950,2011-11-15,2011-12-07,1,6,2760,3686.0,0
12951,2010-01-10,2011-12-01,8,21,2165,4277.79,0
12952,2011-09-22,2011-12-04,5,8,1306,2775.58,0
12953,2010-07-05,2011-11-30,9,3,448,1158.66,0
12954,2010-03-11,2010-03-11,638,1,83,162.45,1
12955,2011-03-17,2011-12-08,0,22,7328,9514.32,0
12956,2009-12-15,2011-02-06,305,5,374,629.96,1
12957,2009-12-11,2011-11-30,9,21,7235,12724.51,0
12958,2010-05-05,2010-11-04,399,2,118,467.34,1
12959,2010-08-12,2010-08-12,483,1,109,150.95,1
12960,2010-02-16,2010-10-22,413,4,1379,1322.07,1
12961,2010-11-25,2010-11-25,378,1,180,211.99,1
12962,2011-08-18,2011-12-02,6,4,258,532.78,0
12963,2010-07-08,2011-12-01,7,20,2518,5092.42,0
12964,2010-09-28,2010-09-28,436,1,56,132.24,1
12965,2011-09-11,2011-09-11,88,2,564,1539.62,0
12966,2011-11-30,2011-11-30,9,2,150,320.36,0
12967,2010-11-21,2010-12-16,357,5,1350,4599.42,1
12968,2011-08-19,2011-08-19,111,2,146,271.9,1
12969,2010-04-16,2010-04-16,602,1,55,122.45,1
12970,2009-12-04,2011-12-02,6,14,1222,1859.07,0
12971,2009-12-15,2011-12-06,3,202,23595,26894.51,0
12972,2010-02-16,2010-10-22,413,4,844,1161.2,1
12973,2010-10-22,2010-10-22,413,1,31,385.55,1
12974,2010-05-23,2011-05-26,197,3,128,553.75,1
12975,2009-12-06,2010-09-29,436,6,911,2100.09,1
12976,2010-02-12,2011-05-12,211,9,3245,3894.98,1
12977,2010-07-16,2011-07-06,155,5,140,553.12,1
12978,2009-12-10,2010-11-19,384,5,1394,2502.82,1
12979,2009-12-10,2009-12-10,728,1,520,517.7,1
12980,2009-12-02,2011-07-05,157,30,2796,23620.68,1
12981,2011-07-29,2011-11-10,29,4,484,744.44,0
12982,2010-04-12,2011-04-11,242,9,2017,3135.35,1
12983,2010-04-20,2010-04-20,597,1,638,490.08,1
12984,2011-11-21,2011-11-21,18,2,52,195.0,0
12985,2011-11-11,2011-12-09,0,4,3066,2478.76,0
12986,2010-01-21,2010-10-07,428,10,1164,2729.84,1
12987,2010-01-20,2011-09-27,73,7,804,1870.91,0
12988,2011-02-20,2011-02-20,291,2,252,1011.64,1
12989,2009-12-10,2011-12-06,2,48,9878,20475.86,0
12990,2010-03-30,2011-11-08,30,10,680,1365.0,0
12991,2010-11-15,2011-11-16,22,5,888,1268.58,0
12992,2009-12-14,2009-12-14,724,1,21,93.35,1
12993,2010-02-18,2011-11-16,22,12,991,1674.39,0
12994,2011-03-16,2011-12-05,3,6,918,1948.84,0
12995,2011-09-15,2011-09-15,84,2,216,422.64,0
12996,2010-11-29,2010-11-29,375,1,122,355.5,1
12997,2010-04-06,2011-11-17,21,12,1850,3337.8,0
12998,2010-02-24,2010-08-04,492,3,1124,920.08,1
12999,2011-04-08,2011-05-27,195,6,684,911.76,1
13000,2009-12-14,2011-08-25,106,7,927,1567.35,1
13001,2009-12-03,2011-12-05,3,46,18938,33828.62,0
13002,2010-10-01,2011-01-25,317,4,274,535.08,1
13003,2011-05-09,2011-08-26,105,6,206,298.1,1
13004,2009-12-15,2011-11-28,11,54,13590,17306.76,0
13005,2010-09-08,2011-06-19,173,6,634,1513.38,1
13006,2011-10-14,2011-10-14,55,2,110,163.14,0
13007,2010-05-09,2010-05-09,579,1,59,175.25,1
13008,2009-12-16,2011-01-20,322,4,554,841.6,1
13009,2010-02-05,2010-02-05,672,1,120,234.0,1
13010,2010-03-01,2010-11-30,373,2,323,330.12,1
13011,2010-12-02,2010-12-02,371,2,26,101.1,1
13012,2010-04-26,2011-11-30,8,19,2379,4604.67,0
13013,2009-12-14,2011-12-08,0,42,7885,15908.37,0
13014,2010-10-03,2011-11-29,10,21,2884,8847.36,0
13015,2010-04-15,2011-10-17,52,16,5136,9919.42,0
13016,2011-08-08,2011-09-27,72,6,1054,1579.78,0
13017,2011-12-02,2011-12-02,6,2,96,408.0,0
13018,2010-03-01,2011-11-23,15,63,12181,17040.86,0
13019,2009-12-06,2010-11-25,378,6,397,1229.95,1
13020,2010-02-18,2010-05-26,562,2,278,618.96,1
13021,2009-12-05,2011-12-05,3,26,3898,7503.62,0
13022,2010-10-06,2010-10-06,429,1,35,65.3,1
13023,2010-06-29,2011-10-06,63,5,871,2138.93,0
13024,2010-05-06,2010-08-26,470,2,181,555.87,1
13025,2009-12-08,2009-12-08,731,1,241,323.39,1
13026,2009-12-13,2011-12-08,0,14,4086,2708.44,0
13027,2010-01-20,2011-08-18,113,25,60120,24151.2,1
13028,2011-10-25,2011-11-17,22,4,1596,1322.64,0
13029,2010-07-04,2011-11-09,30,8,328,3174.8,0
13030,2010-12-06,2011-11-28,10,4,696,1504.88,0
13031,2010-06-03,2010-10-28,406,5,2309,3292.84,1
13032,2010-09-05,2011-10-18,51,11,1649,3826.14,0
13033,2010-10-06,2010-12-17,356,3,181,411.1,1
13034,2010-11-03,2011-10-16,54,5,775,1399.59,0
13035,2010-10-04,2011-09-27,73,5,1570,2286.08,0
13036,2010-01-24,2010-01-24,684,1,38,307.1,1
13037,2009-12-03,2011-07-24,137,15,2561,4796.02,1
13038,2011-02-22,2011-09-20,79,6,720,1816.92,0
13039,2009-12-17,2010-05-04,583,4,290,1010.73,1
13040,2011-11-06,2011-12-01,8,4,710,1353.98,0
13041,2010-04-29,2010-09-15,450,4,335,799.13,1
13042,2009-12-07,2010-04-20,597,3,812,1488.59,1
13043,2011-03-11,2011-03-11,272,2,508,1032.84,1
13044,2010-01-08,2011-02-21,290,12,2977,5408.52,1
13045,2010-08-10,2011-09-01,98,4,626,1114.2,1
13046,2010-09-09,2011-11-09,30,5,769,1578.56,0
13047,2009-12-16,2011-11-08,31,34,4719,11666.07,0
13048,2010-01-27,2011-11-25,13,13,3889,5868.54,0
13049,2010-11-03,2011-10-06,63,6,888,2064.92,0
13050,2009-12-15,2011-11-25,14,52,10763,17823.38,0
13051,2010-03-30,2010-05-10,578,2,72,155.8,1
13052,2010-02-23,2011-05-11,211,8,1646,3467.48,1
13053,2010-03-28,2010-03-28,621,1,47,127.65,1
13055,2010-10-06,2011-09-22,77,7,2715,3535.52,0
13056,2010-06-06,2010-06-06,550,1,158,209.48,1
13057,2010-03-18,2010-06-27,529,3,456,709.59,1
13058,2011-07-11,2011-11-15,24,6,104,542.8,0
13059,2010-03-31,2011-04-04,249,11,895,2475.17,1
13060,2011-03-31,2011-03-31,253,2,246,615.06,1
13061,2011-09-28,2011-09-28,71,2,214,497.22,0
13062,2011-06-01,2011-06-01,190,2,686,693.96,1
13063,2010-08-16,2010-08-16,480,1,116,188.4,1
13064,2010-04-27,2011-11-27,12,10,1182,2772.43,0
13065,2010-06-10,2010-12-01,372,6,455,1260.91,1
13066,2011-11-07,2011-11-15,23,4,644,941.6,0
13067,2010-09-19,2011-09-18,81,4,163,623.97,0
13068,2011-01-24,2011-11-29,9,4,400,688.0,0
13069,2010-06-14,2011-12-09,0,62,21044,13715.89,0
13070,2009-12-07,2011-05-31,191,5,482,980.5,1
13071,2010-04-06,2010-04-06,611,1,30,129.22,1
13072,2011-03-18,2011-03-18,266,2,138,354.3,1
13073,2010-09-28,2010-10-24,410,2,261,418.08,1
13074,2009-12-16,2010-07-16,510,4,826,1378.74,1
13075,2011-08-02,2011-08-02,129,2,970,1839.22,1
13076,2010-09-08,2010-09-08,457,1,44,135.4,1
13077,2009-12-11,2011-12-08,0,15,3330,3468.67,0
13078,2009-12-01,2011-12-06,2,83,17662,41646.0,0
13079,2010-10-18,2011-12-05,3,11,220,639.28,0
13080,2010-04-09,2011-06-13,178,5,313,338.81,1
13081,2009-12-08,2011-11-28,11,39,59145,85175.75,0
13082,2009-12-22,2011-08-05,125,30,12790,10949.38,1
13083,2010-10-10,2011-12-05,3,5,494,699.18,0
13084,2010-08-05,2010-08-05,491,1,144,122.4,1
13085,2009-12-01,2011-07-05,157,10,1160,2849.36,1
13086,2010-11-22,2010-11-22,382,1,155,439.33,1
13087,2009-12-13,2009-12-13,725,1,86,313.64,1
13088,2010-10-18,2010-10-18,416,1,76,236.11,1
13089,2009-12-02,2011-12-07,2,300,89957,172178.99,0
13090,2010-08-02,2011-12-01,8,38,5510,22002.56,0
13091,2009-12-10,2011-11-11,27,4,1805,2667.64,0
13092,2010-02-10,2011-09-30,70,17,943,2618.11,0
13093,2009-12-04,2011-03-09,275,63,29932,61976.72,1
13094,2010-11-15,2011-11-18,20,25,3612,4136.76,0
13095,2011-09-30,2011-09-30,70,2,288,148.8,0
13096,2010-11-10,2010-11-10,393,1,6,419.7,1
13097,2009-12-01,2011-11-07,32,38,7705,19327.32,0
13098,2011-01-26,2011-12-08,0,56,31936,57764.88,0
13099,2011-09-01,2011-09-01,98,2,576,414.72,1
13101,2010-01-27,2011-04-19,233,5,591,796.59,1
13102,2010-05-06,2011-12-08,0,61,10570,17804.19,0
13103,2010-05-11,2011-10-31,39,4,508,953.58,0
13104,2010-02-24,2011-12-06,2,15,1338,2807.58,0
13105,2010-09-29,2010-09-29,435,1,100,72.0,1
13106,2010-10-22,2011-07-29,132,3,249,679.96,1
13107,2010-02-04,2011-10-26,43,13,5609,6784.69,0
13108,2010-09-30,2010-12-02,372,3,1043,1098.52,1
13109,2010-06-06,2011-10-11,59,5,1277,1920.57,0
13110,2009-12-01,2011-11-08,30,19,1151,4446.14,0
13111,2009-12-21,2009-12-21,718,1,180,321.88,1
13112,2010-06-16,2010-06-16,540,1,11,20.6,1
13113,2010-03-28,2011-12-09,0,61,7480,30476.03,0
13114,2009-12-09,2009-12-09,730,1,74,234.38,1
13115,2010-04-19,2011-11-28,11,14,5501,7789.48,0
13116,2011-07-24,2011-07-24,137,2,582,1002.28,1
13117,2010-03-26,2011-11-18,21,26,2797,3240.57,0
13118,2010-09-26,2011-11-20,19,14,1244,3613.22,0
13119,2010-02-09,2010-02-09,668,1,110,134.9,1
13120,2011-04-15,2011-04-15,238,2,24,61.2,1
13121,2011-03-15,2011-03-15,268,2,504,567.46,1
13122,2011-04-13,2011-09-06,93,4,1170,1844.78,1
13123,2010-06-28,2010-08-24,472,2,268,506.75,1
13124,2010-11-19,2011-09-11,89,7,4857,8397.99,0
13125,2010-07-04,2010-07-04,523,1,53,148.62,1
13126,2010-03-02,2011-12-05,4,21,5432,5874.45,0
13127,2011-09-23,2011-09-23,77,2,254,518.34,0
13128,2010-03-18,2010-03-18,630,1,31,263.5,1
13129,2010-06-28,2010-09-13,451,2,296,233.25,1
13130,2011-09-06,2011-09-06,93,2,64,128.0,1
13131,2010-02-09,2011-11-16,22,10,1970,4387.07,0
13132,2011-03-23,2011-03-23,261,2,40,154.6,1
13133,2010-09-06,2011-03-11,273,5,87,310.25,1
13134,2010-10-19,2011-09-15,85,10,2423,4268.81,0
13135,2010-08-05,2011-05-27,196,3,8723,6467.45,1
13136,2009-12-08,2011-10-14,55,18,4437,8882.17,0
13137,2010-07-25,2011-11-29,10,24,6442,11190.23,0
13138,2010-11-08,2011-11-17,21,13,1066,2236.4,0
13139,2010-09-28,2011-11-23,15,15,7039,13267.92,0
13140,2010-08-05,2011-08-23,107,8,757,1477.39,1
13141,2009-12-09,2011-09-16,84,22,6707,10044.83,0
13142,2011-11-20,2011-11-20,18,2,516,614.18,0
13143,2010-05-04,2010-05-04,584,1,198,405.1,1
13144,2010-10-04,2011-01-11,332,3,50,246.3,1
13145,2010-04-19,2011-10-31,39,11,410,1747.04,0
13146,2011-11-13,2011-11-13,25,2,308,457.82,0
13147,2011-09-01,2011-11-29,9,8,288,1425.6,0
13148,2009-12-07,2011-11-10,28,38,6452,12181.08,0
13149,2011-02-23,2011-11-25,13,8,2560,3352.12,0
13150,2010-03-19,2010-08-12,483,3,171,449.97,1
13151,2010-03-22,2011-02-17,295,4,1176,3723.08,1
13152,2010-01-14,2010-10-18,416,7,977,2146.38,1
13153,2011-12-04,2011-12-04,5,2,836,972.44,0
13154,2009-12-04,2010-11-05,398,3,976,1624.84,1
13155,2010-08-05,2011-11-06,32,10,1238,2342.24,0
13156,2010-02-01,2010-11-19,384,3,914,1586.54,1
13157,2010-03-08,2011-10-21,48,13,6201,7428.58,0
13158,2010-11-16,2011-09-06,94,9,1776,2709.24,1
13159,2011-08-16,2011-12-01,8,8,2116,2858.7,0
13160,2011-11-17,2011-11-17,21,2,112,183.6,0
13161,2010-07-27,2011-01-30,312,3,134,584.88,1
13162,2009-12-04,2011-08-09,121,20,7468,10963.78,1
13163,2010-04-08,2010-04-08,609,1,3,17.65,1
13164,2010-02-10,2010-05-19,568,2,120,372.2,1
13165,2010-10-22,2011-10-24,45,5,3112,2472.64,0
13166,2010-10-21,2011-03-01,282,3,738,1293.13,1
13167,2010-11-14,2011-11-21,18,9,1792,1916.48,0
13168,2010-06-15,2011-11-03,35,9,1568,3140.32,0
13169,2010-05-26,2011-10-07,63,5,568,1552.96,0
13170,2011-11-13,2011-11-13,26,2,282,217.62,0
13171,2011-02-13,2011-11-18,21,6,458,936.82,0
13172,2010-11-04,2010-11-04,399,1,48,69.6,1
13173,2009-12-10,2011-12-05,3,13,1758,2753.47,0
13174,2009-12-04,2011-11-23,15,15,5146,10738.18,0
13175,2009-12-04,2010-05-06,581,2,423,831.45,1
13176,2011-10-24,2011-10-24,45,2,896,962.98,0
13177,2010-10-05,2011-10-06,64,3,271,794.65,0
13178,2009-12-16,2011-11-13,25,32,12348,19784.66,0
13179,2010-03-31,2010-03-31,618,1,368,572.31,1
13180,2010-04-11,2010-04-11,606,1,42,86.1,1
13181,2010-11-23,2010-11-23,380,1,171,359.69,1
13182,2011-10-25,2011-10-25,44,2,402,242.36,0
13183,2010-03-14,2011-12-02,7,24,6235,10993.96,0
13184,2011-02-22,2011-11-25,14,20,3324,3337.9,0
13185,2011-03-17,2011-03-17,267,2,24,142.8,1
13186,2011-08-03,2011-10-31,39,6,1640,3151.78,0
13187,2010-03-25,2011-01-06,336,5,391,577.38,1
13188,2011-11-28,2011-11-28,10,2,50,229.2,0
13189,2011-08-16,2011-11-21,18,4,1684,521.36,0
13190,2009-12-07,2010-06-13,543,3,308,570.66,1
13191,2010-02-19,2010-02-19,657,1,115,164.69,1
13192,2010-01-22,2011-09-05,94,8,2224,3470.52,1
13193,2011-10-09,2011-10-09,60,2,92,224.16,0
13194,2010-10-14,2011-07-27,135,3,352,533.48,1
13195,2010-10-21,2010-10-21,413,1,70,136.73,1
13196,2010-04-01,2011-11-28,10,11,3230,4866.62,0
13197,2010-04-09,2010-04-09,609,1,204,373.01,1
13198,2010-10-01,2011-11-29,9,14,6097,8375.47,0
13199,2009-12-05,2011-12-06,3,105,17743,25781.33,0
13200,2011-08-05,2011-11-20,18,8,1032,1740.18,0
13201,2010-03-07,2010-07-25,501,4,1036,1233.06,1
13202,2009-12-09,2010-11-10,393,7,572,1580.3,1
13203,2009-12-17,2011-11-30,9,14,3213,3517.71,0
13204,2009-12-08,2009-12-08,730,1,428,966.66,1
13205,2010-09-22,2010-09-22,442,1,256,2803.2,1
13206,2009-12-07,2010-11-04,399,13,7086,8308.19,1
13207,2010-04-06,2011-11-24,14,6,308,786.12,0
13208,2009-12-03,2011-10-12,58,15,2146,3193.95,0
13209,2010-01-24,2011-11-09,29,21,10034,14401.12,0
13210,2011-09-07,2011-09-07,93,2,632,706.96,1
13211,2009-12-06,2011-11-29,9,13,2679,3714.19,0
13212,2011-10-09,2011-11-20,19,6,618,1573.66,0
13213,2010-05-20,2011-10-14,56,16,4322,5372.1,0
13214,2010-03-03,2010-10-18,417,7,2966,3264.23,1
13215,2010-11-02,2010-11-02,401,1,96,81.6,1
13216,2011-03-17,2011-03-17,267,2,594,667.48,1
13217,2010-02-22,2011-08-09,121,7,774,1200.46,1
13218,2011-08-04,2011-08-04,126,2,176,125.28,1
13219,2010-03-31,2010-03-31,617,1,11,76.23,1
13220,2010-05-13,2011-09-22,77,9,592,2155.38,0
13221,2010-12-15,2011-04-13,239,4,488,1694.82,1
13222,2010-05-11,2010-05-11,576,1,30,88.5,1
13223,2010-02-12,2011-05-23,199,8,656,1132.32,1
13224,2011-07-11,2011-10-10,59,4,3036,4311.9,0
13225,2009-12-17,2011-12-06,2,23,10817,22723.91,0
13226,2010-11-11,2011-03-11,272,3,259,420.67,1
13227,2011-05-22,2011-05-22,201,2,198,515.4,1
13228,2011-09-19,2011-09-19,80,2,400,716.0,0
13229,2011-04-28,2011-04-28,225,2,126,321.9,1
13230,2010-03-18,2011-12-05,3,44,5158,8875.64,0
13232,2011-04-10,2011-11-27,12,14,1546,2656.7,0
13233,2010-01-14,2011-09-26,73,6,2608,1781.58,0
13234,2009-12-07,2010-02-05,672,2,159,346.5,1
13235,2011-05-11,2011-05-11,211,2,882,2062.14,1
13236,2011-08-25,2011-11-15,24,4,832,1489.7,0
13237,2010-11-17,2010-11-17,387,1,128,643.0,1
13238,2010-04-28,2011-11-22,16,10,740,1707.36,0
13239,2010-07-25,2011-03-23,261,6,1478,1924.25,1
13240,2010-02-25,2011-09-04,95,12,1007,2139.44,1
13241,2010-10-24,2010-10-24,411,1,46,112.53,1
13242,2010-02-09,2011-08-19,111,10,480,969.8,1
13243,2010-03-18,2011-05-20,202,6,786,1805.5,1
13244,2011-09-08,2011-09-08,92,2,76,243.48,1
13245,2010-10-03,2011-10-20,50,3,496,1419.72,0
13246,2010-07-02,2011-11-21,17,17,4383,5313.27,0
13247,2011-09-18,2011-11-22,17,8,656,1002.24,0
13248,2011-06-03,2011-08-07,124,4,610,931.36,1
13249,2010-01-24,2011-09-08,91,12,1792,2320.34,1
13250,2010-07-25,2010-09-05,460,2,107,253.09,1
13251,2010-11-02,2010-11-02,401,1,215,252.68,1
13252,2010-03-24,2010-11-10,393,2,134,399.3,1
13253,2010-01-05,2011-07-06,156,6,4587,3981.51,1
13254,2010-11-28,2010-11-28,375,1,43,51.41,1
13255,2010-07-15,2011-11-30,8,5,584,1078.27,0
13257,2010-09-29,2010-09-29,435,1,33,149.75,1
13258,2010-11-04,2011-11-28,11,8,728,1682.26,0
13259,2010-01-10,2011-10-09,61,10,629,1685.72,0
13260,2011-10-09,2011-10-09,60,2,284,1115.24,0
13261,2011-02-27,2011-03-16,268,4,420,1888.2,1
13262,2010-04-18,2011-03-21,262,4,372,773.74,1
13263,2010-10-22,2011-12-08,0,74,10140,16113.13,0
13264,2010-09-23,2010-09-23,442,1,375,722.56,1
13265,2011-03-11,2011-10-17,52,10,3480,4185.32,0
13266,2009-12-17,2011-11-28,10,31,11265,9969.3,0
13267,2009-12-07,2011-12-07,2,55,5928,13951.3,0
13268,2011-03-17,2011-11-22,17,22,7248,6349.5,0
13269,2009-12-02,2011-12-08,0,43,9879,13880.6,0
13270,2010-12-08,2010-12-08,365,2,400,1180.0,1
13271,2011-11-02,2011-11-02,36,2,480,422.98,0
13272,2011-09-11,2011-11-08,30,4,192,553.12,0
13273,2011-08-18,2011-08-18,112,2,306,277.96,1
13274,2010-10-26,2010-10-26,408,1,199,360.85,1
13275,2010-03-17,2010-11-21,383,2,138,238.86,1
13276,2010-03-07,2011-10-07,63,7,1001,2482.84,0
13277,2010-06-18,2011-11-24,15,11,558,781.7,0
13278,2010-04-08,2011-10-30,40,5,1895,1978.58,0
13279,2011-09-22,2011-09-22,77,2,146,275.5,0
13280,2010-03-05,2011-08-09,121,10,2007,3091.79,1
13281,2010-09-26,2010-09-26,438,1,201,350.85,1
13282,2010-10-29,2011-11-21,17,7,717,2445.33,0
13283,2010-03-09,2011-10-11,59,6,294,467.02,0
13284,2011-01-13,2011-01-13,330,2,182,402.38,1
13285,2010-03-25,2011-11-16,22,10,4508,6073.71,0
13286,2010-04-18,2010-04-18,599,1,274,734.91,1
13287,2010-01-04,2010-04-15,602,3,429,781.59,1
13288,2010-02-11,2010-09-22,442,5,379,927.61,1
13289,2009-12-16,2009-12-16,723,1,119,307.95,1
13290,2010-09-27,2010-09-27,437,1,1,208.63,1
13291,2010-02-11,2011-07-07,155,12,1833,3631.9,1
13292,2010-07-01,2011-11-01,38,7,877,1573.45,0
13293,2010-02-09,2010-11-12,391,6,555,1192.94,1
13294,2010-03-03,2011-06-03,189,5,1449,2563.27,1
13295,2010-05-12,2010-12-15,359,5,815,1303.17,1
13296,2010-05-11,2011-07-25,136,7,731,879.91,1
13297,2010-06-15,2011-12-02,7,11,3657,6458.47,0
13298,2011-12-08,2011-12-08,0,2,192,720.0,0
13299,2010-06-29,2011-03-16,267,4,446,1361.2,1
13300,2010-05-14,2011-06-23,168,4,658,1657.4,1
13301,2011-02-20,2011-08-28,103,8,690,1236.18,1
13302,2010-07-01,2011-07-07,154,3,17,222.95,1
13303,2010-11-04,2010-11-04,399,1,26,61.72,1
13304,2010-02-08,2010-12-23,350,5,954,1518.41,1
13305,2010-03-10,2011-12-05,3,26,3460,5617.27,0
13306,2010-10-05,2010-10-05,429,1,74,53.65,1
13307,2010-04-26,2011-08-11,119,4,144,288.34,1
13308,2010-04-22,2011-11-17,22,7,1916,3055.88,0
13309,2010-11-12,2011-12-02,6,11,3458,3163.16,0
13310,2010-11-02,2011-11-11,27,8,1403,2673.23,0
13311,2011-07-12,2011-12-05,3,4,610,1197.14,0
13312,2010-09-14,2010-09-14,450,1,41,124.75,1
13313,2009-12-02,2011-11-17,21,17,3159,5000.64,0
13314,2011-09-27,2011-12-08,1,6,1120,1551.88,0
13315,2010-01-19,2010-01-19,688,1,232,310.26,1
13316,2010-03-10,2011-11-02,36,14,25439,18673.75,0
13317,2009-12-13,2011-10-04,65,25,4184,8759.77,0
13318,2011-11-02,2011-12-08,0,6,608,1281.52,0
13319,2009-12-06,2011-12-04,4,84,13698,32168.77,0
13320,2010-08-18,2011-09-22,77,10,2595,3743.8,0
13321,2011-09-14,2011-09-28,71,4,744,1134.72,0
13322,2011-11-22,2011-11-22,16,2,234,398.96,0
13323,2011-09-16,2011-12-06,2,10,350,1575.7,0
13324,2010-05-25,2011-11-03,35,28,13653,17635.42,0
13325,2011-09-19,2011-09-19,81,2,480,1350.6,0
13326,2010-10-03,2010-10-03,431,1,140,281.76,1
13327,2009-12-18,2011-11-01,38,28,5803,12762.25,0
13328,2011-01-27,2011-01-27,315,2,1360,2616.96,1
13329,2009-12-04,2011-11-08,31,10,3774,5597.77,0
13330,2010-02-23,2011-09-08,92,9,2702,3937.03,1
13331,2010-11-03,2010-11-03,401,1,54,262.4,1
13332,2011-11-25,2011-11-25,13,2,358,701.8,0
13333,2010-02-19,2010-10-24,410,3,685,1015.74,1
13334,2010-02-25,2011-09-18,81,8,4962,9704.12,0
13336,2011-09-23,2011-09-23,76,2,1118,1590.24,0
13337,2010-06-11,2010-06-11,545,1,980,1575.26,1
13338,2010-01-05,2011-07-05,157,5,1407,2932.64,1
13339,2011-05-23,2011-05-23,200,2,652,1720.24,1
13340,2010-02-22,2011-10-25,44,19,15406,32837.04,0
13341,2011-03-24,2011-03-24,260,2,602,1551.7,1
13343,2011-06-15,2011-06-15,177,2,270,706.86,1
13344,2011-03-07,2011-10-03,67,6,1904,5023.38,0
13345,2011-02-25,2011-02-25,287,2,282,779.0,1
13346,2010-04-22,2010-09-03,462,6,180,299.4,1
13347,2011-09-30,2011-09-30,69,2,410,682.72,0
13348,2011-10-06,2011-10-06,63,2,272,467.52,0
13349,2011-11-29,2011-11-29,10,2,450,494.64,0
13350,2011-09-21,2011-11-23,15,4,574,1958.24,0
13351,2011-10-04,2011-10-04,65,2,234,747.88,0
13352,2011-10-10,2011-10-10,59,2,642,795.96,0
13354,2011-09-29,2011-09-29,70,2,1208,1487.06,0
13355,2011-08-09,2011-08-09,121,2,628,1349.4,1
13356,2011-09-20,2011-09-20,79,2,650,1536.48,0
13357,2010-03-22,2011-03-27,256,6,2433,4414.91,1
13358,2011-03-16,2011-03-16,268,2,570,878.06,1
13359,2010-11-01,2011-10-07,63,3,542,1482.87,0
13360,2010-01-08,2010-10-04,431,4,942,1553.65,1
13361,2010-04-01,2010-08-24,471,2,324,1450.5,1
13362,2010-10-10,2011-11-30,8,11,3863,8484.81,0
13363,2010-10-26,2011-11-22,17,5,1856,2716.36,0
13364,2011-09-29,2011-09-29,70,2,142,269.92,0
13365,2011-05-06,2011-11-06,33,4,2494,4450.74,0
13366,2011-10-20,2011-10-20,49,2,288,112.32,0
13367,2010-10-04,2010-10-04,431,1,253,510.2,1
13368,2010-10-12,2011-03-28,256,6,933,1744.9,1
13369,2010-12-09,2010-12-09,365,2,298,616.56,1
13370,2010-12-03,2010-12-03,371,2,686,1509.74,1
13371,2010-03-17,2010-07-22,504,2,1019,2297.66,1
13372,2011-09-11,2011-09-11,89,2,318,757.28,0
13373,2009-12-06,2011-10-10,60,9,5914,10899.44,0
13374,2010-09-16,2010-10-21,414,2,135,422.8,1
13375,2010-09-21,2011-09-12,88,3,1566,2570.88,0
13376,2011-04-19,2011-09-01,98,6,986,2039.52,1
13377,2010-03-04,2010-11-08,396,2,748,1552.88,1
13379,2011-07-26,2011-11-13,25,6,1202,1145.12,0
13380,2010-10-03,2010-10-03,432,1,48,62.4,1
13381,2009-12-01,2011-11-08,31,18,7154,11863.68,0
13382,2009-12-08,2011-03-04,280,6,994,1610.57,1
13383,2010-06-14,2010-06-14,543,1,288,305.28,1
13384,2010-07-27,2011-11-09,30,18,6564,10832.76,0
13385,2011-01-14,2011-01-14,329,2,562,1069.14,1
13386,2010-09-28,2010-10-21,413,2,514,835.46,1
13387,2010-10-18,2010-10-18,416,1,123,186.94,1
13388,2010-04-15,2011-07-31,130,5,983,1862.75,1
13389,2011-04-21,2011-11-28,10,6,858,1595.92,0
13390,2011-09-26,2011-09-26,74,2,448,1088.16,0
13391,2011-05-20,2011-05-20,203,2,8,119.6,1
13392,2010-01-31,2010-01-31,676,1,82,91.14,1
13393,2009-12-07,2010-05-05,583,4,662,1131.45,1
13394,2009-12-01,2011-12-08,1,27,7746,9141.72,0
13395,2010-10-14,2011-06-07,184,4,1996,1487.95,1
13396,2011-01-24,2011-11-10,28,4,1200,2721.98,0
13397,2010-01-20,2011-09-28,72,15,1766,4736.0,0
13398,2010-09-17,2011-05-31,191,3,622,1127.68,1
13399,2010-07-08,2010-09-01,463,3,120,275.4,1
13400,2010-05-06,2010-05-06,582,1,284,310.83,1
13402,2010-05-24,2011-08-04,126,6,1396,1848.08,1
13403,2009-12-16,2011-11-22,17,4,158,304.5,0
13404,2011-05-11,2011-12-08,0,4,222,504.98,0
13405,2009-12-15,2011-09-26,73,9,1020,1786.26,0
13406,2010-03-18,2010-10-08,426,2,292,568.92,1
13407,2010-02-16,2010-05-10,578,3,1690,2244.7,1
13408,2009-12-04,2011-12-08,1,168,44907,78291.82,0
13410,2009-12-08,2011-11-15,23,14,1762,3205.02,0
13411,2011-08-24,2011-08-24,106,2,144,427.1,1
13412,2010-03-29,2010-03-29,619,1,176,487.35,1
13413,2010-01-21,2010-03-10,639,6,455,429.44,1
13414,2010-04-15,2011-07-29,133,9,4276,3884.64,1
13415,2009-12-11,2010-08-24,472,4,496,784.17,1
13416,2009-12-03,2011-10-27,43,5,350,1653.3,0
13417,2010-02-08,2011-12-05,4,8,694,2310.32,0
13418,2009-12-11,2011-11-28,11,49,11272,17687.09,0
13419,2011-10-07,2011-10-07,63,2,550,442.12,0
13420,2011-06-22,2011-07-13,149,4,202,319.7,1
13421,2010-02-14,2011-10-30,39,10,3479,5892.46,0
13422,2011-10-06,2011-10-06,63,2,2652,5252.6,0
13423,2010-10-07,2010-10-07,428,1,141,217.03,1
13424,2010-09-16,2010-09-16,449,1,529,572.77,1
13425,2010-05-09,2011-08-23,107,8,3481,5014.64,1
13426,2009-12-09,2011-12-09,0,32,7113,11808.7,0
13427,2009-12-17,2011-11-20,18,9,1425,1589.13,0
13428,2010-07-13,2011-11-29,9,4,507,680.32,0
13429,2011-09-25,2011-11-29,10,8,2780,2013.6,0
13430,2011-09-14,2011-11-21,18,4,1502,1358.9,0
13431,2010-02-18,2011-10-03,66,10,2242,4585.34,0
13432,2010-04-06,2010-05-17,570,2,217,439.1,1
13433,2010-01-12,2010-07-26,500,4,190,658.32,1
13434,2010-02-22,2011-09-26,73,7,1164,2201.1,0
13435,2010-07-27,2011-12-04,4,16,4883,8257.22,0
13436,2011-12-08,2011-12-08,1,2,152,393.78,0
13437,2011-06-02,2011-11-25,13,14,2566,6816.12,0
13438,2010-06-10,2010-06-10,546,1,10,46.5,1
13439,2010-07-01,2011-03-29,254,4,1194,1270.32,1
13440,2010-09-14,2010-10-12,422,7,573,1295.25,1
13441,2010-10-04,2011-09-09,91,3,724,1017.54,1
13442,2009-12-01,2010-02-10,666,3,115,419.87,1
13443,2010-01-31,2010-09-17,448,6,805,1273.16,1
13444,2010-07-21,2010-11-30,373,2,331,619.08,1
13445,2010-03-23,2010-03-23,625,1,198,241.9,1
13446,2010-02-14,2010-10-05,429,11,2403,3881.89,1
13447,2011-11-04,2011-11-16,22,6,1168,2258.28,0
13448,2009-12-06,2011-11-23,16,19,5843,12280.62,0
13449,2011-11-16,2011-11-16,23,2,444,583.76,0
13450,2010-04-15,2011-11-13,26,19,6300,6163.76,0
13451,2010-03-21,2011-11-13,25,16,7357,9988.32,0
13452,2010-08-24,2011-03-25,258,5,8,1319.8,1
13453,2010-11-02,2011-06-27,165,5,475,1138.67,1
13454,2010-03-08,2010-03-08,640,1,198,219.87,1
13455,2009-12-09,2011-11-15,24,8,1149,3271.33,0
13456,2011-05-16,2011-11-22,17,12,1530,3533.44,0
13457,2009-12-02,2010-01-20,688,2,96,148.22,1
13458,2010-11-16,2011-12-02,6,30,12268,21605.84,0
13459,2010-01-26,2010-03-25,624,2,986,1160.41,1
13460,2011-10-21,2011-11-10,28,4,572,366.88,0
13461,2010-04-21,2011-11-01,38,9,4302,5605.0,0
13462,2009-12-14,2011-04-01,252,6,759,1305.35,1
13464,2010-03-31,2011-10-12,57,7,1843,3772.32,0
13465,2010-05-02,2010-09-19,445,2,584,931.12,1
13466,2010-03-21,2011-06-08,183,6,919,1321.25,1
13467,2011-11-03,2011-11-29,10,4,1160,2143.82,0
13468,2009-12-03,2011-12-08,1,109,8206,18498.25,0
13469,2010-02-24,2010-02-24,652,1,52,82.4,1
13470,2011-08-16,2011-09-01,98,4,200,330.0,1
13471,2011-10-23,2011-12-08,0,8,3166,5003.68,0
13472,2010-06-02,2010-09-02,463,2,310,592.24,1
13473,2009-12-15,2011-10-10,60,10,1266,3080.4,0
13474,2010-08-01,2011-04-17,235,4,447,873.43,1
13475,2011-02-14,2011-06-01,190,8,2024,2863.56,1
13476,2010-03-05,2011-06-14,178,7,1130,3299.94,1
13477,2010-01-25,2011-11-02,37,17,3112,4273.75,0
13478,2010-01-31,2010-08-27,468,5,1189,2215.78,1
13479,2010-08-19,2011-05-23,200,6,850,1152.32,1
13480,2010-01-29,2010-10-19,416,2,362,627.82,1
13481,2009-12-04,2011-10-25,45,16,3197,5635.4,0
13482,2010-03-22,2011-04-21,231,3,303,520.73,1
13483,2011-10-05,2011-10-05,65,2,320,280.68,0
13484,2010-03-10,2011-04-12,240,4,268,1104.52,1
13485,2009-12-03,2011-04-20,232,12,2075,3473.46,1
13486,2011-07-07,2011-09-22,77,6,1338,2244.82,0
13487,2009-12-05,2011-10-13,57,8,627,1422.27,0
13488,2010-01-25,2011-11-22,16,36,11893,23174.27,0
13489,2011-02-18,2011-08-26,104,8,1120,899.04,1
13490,2010-02-23,2010-02-23,653,1,25,154.25,1
13491,2009-12-07,2011-10-19,51,37,3252,5683.48,0
13492,2011-05-09,2011-07-26,135,6,816,2539.68,1
13493,2011-02-25,2011-03-09,274,4,760,1237.26,1
13494,2011-02-01,2011-02-01,311,2,324,632.52,1
13495,2009-12-07,2011-12-02,7,15,3294,6908.18,0
13496,2010-12-15,2011-11-29,10,4,682,1306.66,0
13497,2010-02-08,2011-03-02,282,8,688,1514.88,1
13498,2009-12-09,2009-12-09,729,1,362,327.38,1
13499,2011-03-15,2011-11-22,17,10,2730,2318.22,0
13500,2010-11-03,2011-11-16,22,7,1447,2633.07,0
13501,2010-05-18,2011-02-24,287,4,1813,4225.43,1
13502,2010-06-09,2011-11-23,16,8,754,1072.5,0
13503,2010-02-16,2011-09-29,70,7,1353,2076.09,0
13504,2011-10-06,2011-10-06,63,2,356,591.86,0
13505,2011-04-21,2011-09-28,72,8,4972,8787.26,0
13506,2010-09-05,2011-01-27,315,7,1266,1796.6,1
13507,2011-07-17,2011-12-06,2,8,3194,4958.32,0
13508,2010-03-07,2011-04-10,243,3,204,398.02,1
13509,2010-07-20,2011-12-01,8,15,2320,2094.44,0
13510,2009-12-21,2011-12-08,0,15,4430,6349.85,0
13511,2010-02-01,2010-02-01,676,1,60,282.76,1
13512,2010-05-05,2011-03-24,260,5,562,964.6,1
13513,2010-02-22,2011-08-05,126,4,473,1029.69,1
13514,2010-01-26,2011-09-27,73,5,328,968.1,0
13515,2010-03-05,2011-09-28,72,10,1500,2156.94,0
13516,2010-10-18,2011-11-18,20,7,2099,3074.67,0
13517,2011-06-13,2011-10-11,59,6,2738,4256.84,0
13518,2011-09-15,2011-09-15,85,2,764,1254.32,0
13519,2010-09-23,2011-09-22,77,3,156,465.96,0
13520,2009-12-17,2011-10-12,58,17,4828,10230.35,0
13521,2011-11-29,2011-12-08,0,6,1436,2143.46,0
13522,2011-11-09,2011-11-09,29,2,88,251.6,0
13523,2010-11-02,2011-11-06,32,11,3741,8499.45,0
13524,2011-05-04,2011-10-30,40,10,648,1360.36,0
13525,2011-04-05,2011-11-25,14,4,788,1257.56,0
13526,2009-12-01,2009-12-01,737,2,1911,1182.0,1
13527,2010-01-21,2011-11-06,33,19,4419,6783.65,0
13529,2011-05-19,2011-09-22,78,4,148,615.52,0
13530,2010-03-15,2010-03-15,633,1,272,402.98,1
13531,2009-12-03,2011-05-18,204,8,671,1916.87,1
13532,2011-11-06,2011-11-06,33,2,258,420.62,0
13533,2011-03-17,2011-06-10,182,6,404,538.18,1
13534,2010-07-07,2011-12-07,1,60,6830,13590.98,0
13535,2010-11-02,2010-11-02,402,1,10,89.5,1
13536,2011-09-25,2011-12-08,0,14,4252,6888.78,0
13537,2010-09-14,2010-10-10,425,2,337,717.85,1
13538,2010-02-02,2011-10-27,42,19,1134,4383.98,0
13539,2010-04-28,2011-09-15,85,10,1030,2200.7,0
13540,2010-02-22,2010-08-29,466,3,189,632.39,1
13541,2010-05-18,2010-10-08,426,2,279,785.25,1
13542,2009-12-10,2010-11-28,376,17,804,3959.49,1
13543,2010-01-21,2010-03-15,633,2,329,1439.61,1
13544,2010-03-05,2011-10-31,39,8,443,1066.26,0
13545,2010-06-13,2010-11-14,390,2,252,364.93,1
13546,2010-10-11,2011-11-27,11,8,944,1707.33,0
13547,2010-10-27,2010-10-27,407,1,79,167.08,1
13548,2010-08-25,2011-09-04,95,5,994,1579.6,1
13549,2010-11-17,2011-11-14,25,15,1012,1924.0,0
13550,2010-11-21,2010-11-21,382,1,430,342.55,1
13551,2010-02-11,2011-01-24,318,3,48,336.0,1
13552,2010-02-19,2011-10-04,65,34,4047,10688.99,0
13553,2010-02-03,2010-02-03,674,1,201,499.6,1
13554,2010-09-19,2010-11-24,379,7,578,1629.35,1
13555,2010-01-19,2011-09-27,73,17,7398,12990.72,0
13556,2010-09-30,2010-10-06,428,2,134,200.82,1
13557,2009-12-08,2011-11-11,27,15,2944,3616.32,0
13558,2011-10-02,2011-12-04,5,8,676,1189.04,0
13559,2010-06-14,2010-07-15,512,2,360,990.0,1
13560,2011-12-02,2011-12-02,6,2,126,342.84,0
13561,2010-02-28,2011-05-08,215,12,1208,1945.26,1
13562,2010-01-14,2011-09-19,81,11,2360,6637.51,0
13563,2011-07-22,2011-09-16,83,4,418,1555.06,0
13564,2009-12-02,2011-07-18,143,40,9514,18223.64,1
13565,2010-10-24,2011-11-20,18,5,432,655.02,0
13566,2010-03-10,2011-10-30,40,7,1824,2545.44,0
13567,2010-06-16,2010-10-07,427,4,643,1079.29,1
13568,2011-06-19,2011-06-19,172,2,132,374.1,1
13569,2010-10-07,2011-11-22,16,6,501,1065.16,0
13570,2011-04-10,2011-04-10,242,2,322,478.98,1
13571,2009-12-08,2011-11-27,12,38,4948,6626.2,0
13572,2011-05-18,2011-05-18,205,2,1068,2768.5,1
13573,2010-03-12,2011-10-20,49,8,949,1194.77,0
13574,2010-10-24,2010-10-24,410,1,304,404.45,1
13575,2011-06-16,2011-11-16,22,10,898,1464.14,0
13576,2009-12-08,2011-11-29,9,46,7152,17919.93,0
13577,2009-12-14,2011-11-14,24,15,2452,5176.88,0
13578,2010-10-26,2010-10-26,408,1,127,147.66,1
13579,2010-02-18,2011-11-25,14,7,894,1841.38,0
13580,2010-10-29,2010-10-29,405,1,45,107.75,1
13581,2010-10-21,2011-02-03,308,3,149,398.53,1
13582,2010-04-01,2010-11-15,389,2,106,241.68,1
13583,2010-01-29,2011-07-07,155,3,1822,2226.06,1
13584,2010-02-02,2011-02-06,306,4,397,528.1,1
13585,2009-12-01,2010-06-27,530,3,1386,684.54,1
13586,2010-06-16,2010-06-16,540,1,38,127.28,1
13587,2010-02-14,2011-10-07,63,5,844,2385.9,0
13588,2011-03-29,2011-11-24,15,18,5212,4957.9,0
13589,2009-12-06,2011-11-25,14,8,407,1500.39,0
13590,2009-12-01,2011-11-28,10,24,7119,8317.96,0
13591,2009-12-14,2011-10-06,64,10,1335,3211.07,0
13592,2011-03-20,2011-11-04,35,8,168,495.92,0
13593,2010-03-02,2011-08-23,107,19,2889,7505.17,1
13594,2010-08-11,2011-10-18,52,3,755,930.29,0
13595,2010-03-03,2010-07-11,516,3,341,784.48,1
13596,2011-11-27,2011-12-04,5,4,768,1328.22,0
13597,2010-11-02,2010-11-04,399,2,231,396.71,1
13598,2010-02-26,2011-10-23,46,6,445,922.0,0
13599,2009-12-01,2011-12-08,0,54,9541,14960.96,0
13600,2010-03-15,2011-01-31,311,3,923,737.94,1
13601,2010-06-11,2011-10-25,44,6,1505,1853.31,0
13602,2010-05-28,2011-10-06,64,5,805,1454.06,0
13603,2011-11-13,2011-11-13,25,2,328,328.68,0
13604,2010-02-19,2010-02-19,658,1,242,717.62,1
13605,2010-05-17,2010-11-17,386,2,425,522.67,1
13606,2011-02-01,2011-11-10,28,6,552,553.5,0
13607,2010-11-02,2011-10-30,39,3,754,1751.32,0
13608,2010-06-17,2010-06-17,540,1,110,232.05,1
13609,2010-04-25,2010-04-25,592,1,19,167.35,1
13610,2010-01-05,2011-11-27,11,21,1357,3186.04,0
13611,2009-12-03,2011-09-11,88,13,2742,4452.33,0
13612,2010-03-17,2010-03-17,632,1,444,818.29,1
13613,2010-02-17,2010-09-13,452,5,445,1039.85,1
13614,2010-06-06,2011-11-15,23,10,1385,3918.2,0
13615,2010-01-28,2011-01-25,318,9,3099,6690.22,1
13616,2010-01-17,2010-05-20,567,2,172,283.85,1
13617,2010-08-01,2011-10-30,39,11,893,1822.93,0
13618,2011-06-19,2011-06-19,173,2,492,354.68,1
13619,2010-02-03,2010-06-13,544,2,79,224.94,1
13620,2010-06-29,2010-06-29,527,1,74,112.34,1
13621,2011-08-15,2011-08-15,116,2,686,427.7,1
13622,2010-01-12,2010-01-12,695,1,379,658.95,1
13623,2009-12-02,2011-11-09,30,15,1296,3260.8,0
13624,2010-11-16,2010-11-16,387,1,820,462.08,1
13625,2010-04-22,2010-04-22,596,1,144,301.26,1
13626,2010-11-25,2011-04-01,252,3,607,964.27,1
13627,2010-03-09,2011-10-11,58,12,2901,3884.37,0
13628,2010-02-01,2010-02-01,675,1,106,310.14,1
13629,2010-02-11,2011-11-16,22,30,12094,21163.22,0
13630,2011-02-27,2011-12-04,4,14,2782,4063.56,0
13631,2011-03-17,2011-09-01,99,22,934,6140.84,1
13632,2010-04-07,2011-11-15,24,13,2664,5764.74,0
13634,2010-01-10,2011-11-06,32,21,2790,6581.13,0
13635,2009-12-01,2011-10-03,67,5,2561,4070.19,0
13636,2011-02-27,2011-11-03,36,10,1184,1898.24,0
13637,2011-04-27,2011-10-18,51,6,810,1608.6,0
13638,2011-11-24,2011-11-24,15,2,186,245.28,0
13639,2010-09-29,2011-09-26,73,3,1797,2379.61,0
13640,2010-04-07,2010-04-07,610,1,108,405.0,1
13641,2009-12-05,2010-03-09,640,5,1098,1016.47,1
13642,2010-10-03,2011-05-08,215,5,382,784.48,1
13643,2009-12-08,2011-11-08,30,13,1175,2676.21,0
13644,2011-08-26,2011-11-23,15,8,4134,5248.52,0
13645,2011-08-11,2011-08-11,119,2,316,504.2,1
13646,2010-11-05,2010-11-05,399,2,79,326.25,1
13647,2010-04-15,2011-11-30,9,12,2682,4689.8,0
13648,2009-12-01,2010-11-04,399,8,960,1764.02,1
13649,2010-06-30,2011-03-28,256,8,921,1800.28,1
13650,2010-01-26,2011-11-23,16,16,2668,5124.34,0
13651,2010-11-23,2011-11-04,34,5,95,321.05,0
13652,2010-02-25,2011-10-25,45,8,2036,3357.13,0
13653,2010-08-09,2010-08-09,487,1,72,152.2,1
13654,2009-12-02,2011-10-27,42,17,6944,9015.33,0
13655,2010-04-27,2011-08-17,113,8,1830,3213.48,1
13656,2010-04-23,2011-06-28,164,6,1352,1458.5,1
13657,2011-05-22,2011-11-29,10,4,418,764.28,0
13658,2010-02-05,2011-11-30,9,14,3190,8664.67,0
13659,2010-02-17,2011-05-18,205,14,3409,6447.68,1
13660,2010-11-04,2010-11-04,399,1,136,306.64,1
13661,2010-04-15,2010-04-15,602,1,118,325.24,1
13662,2010-02-19,2011-09-15,85,14,1702,3114.87,0
13663,2010-03-03,2011-06-13,178,6,984,2236.98,1
13665,2010-07-23,2010-11-18,385,3,1652,1711.66,1
13666,2009-12-04,2011-10-10,59,8,95,212.55,0
13667,2011-07-13,2011-07-13,148,2,298,598.1,1
13668,2009-12-11,2011-12-07,2,56,9818,19258.31,0
13669,2010-10-28,2011-10-20,50,5,630,632.1,0
13670,2011-09-25,2011-09-25,74,2,564,699.4,0
13671,2010-11-10,2010-11-10,394,1,95,172.6,1
13672,2009-12-09,2011-02-11,300,5,195,606.31,1
13673,2011-11-07,2011-11-21,18,4,228,774.88,0
13674,2010-10-03,2010-10-03,432,1,102,240.68,1
13675,2011-02-28,2011-07-11,150,4,660,973.64,1
13676,2010-03-30,2010-06-18,538,2,104,243.9,1
13677,2010-07-07,2010-10-31,404,2,217,551.24,1
13678,2011-07-11,2011-07-11,151,2,1848,465.2,1
13679,2009-12-04,2010-08-03,493,3,102,281.26,1
13680,2009-12-04,2011-12-08,0,16,7178,15138.79,0
13681,2011-07-07,2011-11-22,17,8,720,1655.66,0
13682,2011-06-05,2011-06-05,186,2,20,119.0,1
13683,2010-09-08,2010-09-08,457,1,180,258.6,1
13684,2010-03-28,2011-02-27,285,5,272,660.01,1
13685,2011-10-10,2011-12-07,2,14,10112,6238.88,0
13686,2010-11-03,2011-06-10,182,4,448,481.04,1
13687,2010-09-27,2010-09-27,437,1,87167,11880.84,1
13688,2010-03-14,2010-03-14,634,1,130,375.5,1
13689,2010-09-21,2011-10-07,62,3,1234,2169.5,0
13690,2011-10-11,2011-10-11,58,2,134,344.5,0
13691,2010-11-08,2010-11-08,395,1,145,212.78,1
13692,2010-10-15,2011-11-15,24,8,3327,4602.72,0
13693,2009-12-07,2010-11-30,373,9,880,2011.82,1
13694,2009-12-04,2011-12-06,3,193,251513,260680.31,0
13695,2010-05-11,2011-11-08,30,31,3394,5274.86,0
13696,2010-02-11,2010-10-14,421,3,552,2020.4,1
13697,2011-11-01,2011-11-01,38,2,354,302.6,0
13698,2010-01-27,2010-04-22,596,2,227,451.73,1
13699,2010-06-07,2011-07-07,154,3,285,1072.73,1
13700,2010-02-07,2011-11-13,25,23,5067,4845.6,0
13701,2010-09-19,2010-09-19,446,1,80,161.0,1
13702,2010-09-20,2010-09-20,445,1,74,135.18,1
13703,2010-10-20,2011-01-25,317,3,138,525.06,1
13704,2011-09-12,2011-12-04,4,18,3062,4616.12,0
13705,2010-03-25,2011-12-02,7,10,1269,2429.05,0
13706,2010-03-23,2011-02-10,302,3,490,961.96,1
13707,2010-06-21,2011-03-17,266,7,2561,4172.27,1
13708,2011-03-13,2011-03-13,270,2,602,570.66,1
13709,2010-01-11,2011-12-06,3,31,7630,13879.0,0
13710,2010-04-06,2011-11-08,31,4,512,690.0,0
13711,2009-12-15,2011-05-05,218,11,959,2044.32,1
13712,2010-04-08,2011-04-07,246,3,1480,995.26,1
13713,2010-05-05,2010-10-27,407,3,284,740.76,1
13714,2010-08-31,2010-08-31,464,1,50,161.35,1
13715,2010-03-11,2011-03-03,280,22,5362,9230.43,1
13716,2011-03-15,2011-03-15,268,2,276,276.56,1
13717,2010-08-11,2011-11-07,31,14,4103,3208.31,0
13718,2011-02-17,2011-04-07,245,4,346,613.1,1
13719,2010-05-17,2011-11-24,14,16,2197,3824.76,0
13720,2011-03-30,2011-08-15,116,8,1002,1599.8,1
13721,2010-11-09,2011-11-03,35,3,828,1265.68,0
13722,2010-03-03,2011-07-31,131,13,4460,8010.82,1
13723,2010-04-07,2011-05-06,216,7,636,1393.93,1
13724,2010-03-12,2010-03-12,636,1,130,213.01,1
13725,2011-02-04,2011-10-21,49,16,1612,3961.12,0
13726,2011-08-31,2011-11-01,38,4,2108,2159.32,0
13727,2009-12-09,2011-11-11,28,10,530,1407.63,0
13728,2009-12-09,2011-11-03,36,22,1727,3871.31,0
13729,2010-01-24,2010-09-30,435,3,419,724.73,1
13730,2011-07-01,2011-07-27,135,4,976,1505.2,1
13731,2011-04-07,2011-05-04,218,4,556,1221.18,1
13732,2011-11-11,2011-11-11,27,2,996,983.72,0
13733,2009-12-04,2010-10-25,410,2,335,487.03,1
13734,2010-04-16,2010-07-19,508,4,302,6695.69,1
13735,2009-12-13,2011-11-15,24,17,5263,12646.31,0
13736,2009-12-06,2011-12-04,4,9,2045,3482.27,0
13737,2011-05-23,2011-05-23,199,2,250,679.2,1
13738,2010-11-08,2010-11-08,395,1,237,434.78,1
13739,2010-06-30,2011-11-21,17,3,130,509.1,0
13740,2009-12-02,2011-04-13,240,6,1412,1933.52,1
13741,2011-05-06,2011-09-29,71,6,436,1336.86,0
13742,2011-01-23,2011-11-23,16,24,2230,6215.74,0
13743,2011-03-25,2011-12-07,2,14,3552,2683.2,0
13744,2011-02-20,2011-09-05,94,4,2306,2161.04,1
13745,2010-06-11,2011-06-30,161,3,1642,1077.4,1
13746,2010-10-22,2010-10-22,413,1,83,176.69,1
13747,2010-10-11,2010-12-01,373,3,68,249.4,1
13748,2009-12-01,2011-09-05,95,14,1467,3012.6,1
13750,2010-04-01,2011-10-17,53,16,1886,5249.44,0
13751,2011-02-24,2011-02-24,287,2,304,592.5,1
13752,2010-06-30,2011-08-07,123,13,1879,2755.21,1
13753,2009-12-03,2011-02-25,287,5,1962,2835.83,1
13754,2010-09-28,2011-07-11,151,5,529,729.65,1
13755,2011-10-07,2011-12-06,3,18,2484,4216.12,0
13756,2009-12-15,2011-12-07,1,37,8326,13845.47,0
13757,2010-02-03,2010-02-03,674,1,54,195.55,1
13758,2009-12-01,2011-11-28,11,22,6511,11888.68,0
13759,2011-09-29,2011-11-06,32,4,574,1318.82,0
13760,2010-04-25,2011-10-16,53,7,820,1650.43,0
13761,2010-02-21,2011-10-20,49,8,1721,3022.82,0
13762,2010-01-10,2011-05-05,218,6,2880,2779.2,1
13763,2010-09-30,2011-10-07,62,4,3952,6932.4,0
13764,2010-03-07,2011-09-30,70,9,3010,4439.04,0
13765,2010-02-24,2010-02-24,652,1,297,352.82,1
13766,2010-08-01,2010-08-01,494,1,137,190.35,1
13767,2009-12-01,2011-12-07,1,110,21917,51123.93,0
13768,2009-12-09,2009-12-13,726,2,373,875.97,1
13769,2009-12-16,2011-12-07,1,30,3615,8274.63,0
13770,2009-12-09,2010-10-13,421,4,468,785.37,1
13771,2010-02-25,2011-10-06,63,13,4617,8363.27,0
13772,2010-02-23,2011-11-06,33,11,1986,4222.65,0
13773,2010-02-18,2010-11-08,396,2,174,301.54,1
13774,2011-09-19,2011-09-19,81,2,384,690.0,0
13775,2010-04-28,2010-04-28,590,1,455,1049.66,1
13776,2010-10-07,2010-10-07,427,2,2,623.98,1
13777,2009-12-02,2011-12-09,0,94,36087,75615.42,0
13778,2010-05-23,2011-08-28,102,5,581,1303.19,1
13779,2010-07-12,2010-07-12,515,1,53,161.13,1
13780,2010-10-28,2011-12-02,6,5,797,1092.08,0
13781,2009-12-18,2011-04-03,250,4,330,906.67,1
13782,2009-12-06,2011-11-27,12,19,1012,2694.94,0
13783,2010-02-04,2010-08-09,487,4,3437,1542.09,1
13784,2010-09-15,2011-11-30,9,25,5320,5373.02,0
13785,2010-09-05,2010-10-07,428,4,151,542.49,1
13786,2009-12-03,2010-12-07,366,7,1651,3358.39,1
13787,2010-01-14,2011-09-25,75,8,1335,1531.54,0
13788,2010-07-22,2010-07-22,504,1,1,3.75,1
13789,2010-11-16,2010-11-16,387,1,258,239.46,1
13790,2011-12-05,2011-12-05,3,2,1496,697.6,0
13791,2011-06-24,2011-08-04,127,4,2400,3032.0,1
13792,2010-10-13,2011-10-04,65,5,248,579.5,0
13793,2010-03-03,2010-03-03,646,1,52,96.0,1
13794,2010-06-11,2010-06-11,546,1,63,126.03,1
13795,2010-03-12,2010-11-16,387,4,1250,836.3,1
13796,2010-07-28,2010-07-28,498,1,218,289.7,1
13797,2010-03-02,2010-09-29,436,3,573,1179.45,1
13798,2009-12-08,2011-12-08,0,167,72135,112582.72,0
13799,2010-03-05,2011-08-15,116,11,1941,3492.43,1
13800,2009-12-03,2011-02-03,309,4,1222,2237.88,1
13801,2011-10-04,2011-10-04,66,2,336,649.6,0
13802,2010-02-16,2011-07-24,138,22,16701,30858.53,1
13803,2010-03-31,2011-03-29,254,4,952,1615.98,1
13804,2010-09-29,2011-11-09,30,16,3259,5749.51,0
13805,2011-08-02,2011-10-18,51,4,3800,1849.2,0
13806,2011-10-07,2011-10-07,63,2,112,512.76,0
13807,2009-12-04,2010-12-07,366,4,152,534.8,1
13808,2011-09-04,2011-12-04,5,10,1564,3495.32,0
13809,2010-09-05,2011-02-07,304,4,310,834.75,1
13810,2011-10-14,2011-11-11,28,6,624,2998.02,0
13811,2011-04-14,2011-06-09,183,6,136,1629.0,1
13812,2011-08-26,2011-10-28,41,6,666,1078.0,0
13813,2009-12-06,2011-10-31,39,12,1844,4132.33,0
13814,2010-06-30,2011-09-08,91,5,2078,3836.44,1
13815,2010-02-12,2011-11-17,21,12,7941,11503.1,0
13816,2011-10-06,2011-11-16,23,4,538,1143.34,0
13817,2010-12-23,2011-11-10,28,4,422,765.96,0
13818,2010-10-06,2010-10-06,429,1,60,61.28,1
13819,2009-12-01,2011-02-11,301,9,3418,3782.7,1
13820,2010-01-28,2010-10-17,417,3,285,652.75,1
13821,2010-01-04,2011-07-18,144,8,630,1764.72,1
13822,2011-10-30,2011-12-04,5,4,1222,1264.0,0
13823,2009-12-15,2011-11-21,18,9,2003,4361.11,0
13824,2010-03-12,2011-11-07,32,17,2210,5013.7,0
13825,2009-12-09,2010-03-28,621,2,182,255.59,1
13826,2011-06-16,2011-06-16,175,2,164,379.0,1
13827,2011-07-19,2011-10-13,57,6,276,819.6,0
13828,2011-11-17,2011-11-17,21,2,622,418.98,0
13829,2010-10-14,2010-10-14,420,1,12,102.0,1
13830,2010-05-07,2010-05-07,581,1,47,156.85,1
13831,2009-12-10,2011-11-23,15,24,3136,8783.99,0
13832,2010-10-13,2011-11-20,18,3,448,662.09,0
13833,2010-10-31,2011-07-03,158,3,360,1084.26,1
13834,2010-02-08,2010-05-12,576,2,221,324.19,1
13835,2010-03-04,2011-11-14,24,11,962,1929.84,0
13836,2010-10-21,2010-11-05,398,2,273,620.37,1
13837,2011-01-26,2011-05-12,211,4,364,533.18,1
13838,2010-05-09,2011-12-04,5,14,948,2364.89,0
13839,2010-08-10,2010-08-10,485,1,25,139.95,1
13840,2010-10-19,2010-10-19,415,1,358,651.4,1
13841,2011-04-01,2011-04-01,252,2,200,170.0,1
13842,2010-02-16,2011-10-12,58,27,4484,8704.96,0
13843,2010-11-23,2010-11-23,380,1,145,319.75,1
13844,2011-11-28,2011-11-28,10,2,392,723.24,0
13845,2011-10-06,2011-10-06,64,2,364,625.96,0
13846,2010-11-05,2011-11-15,24,7,1093,2172.85,0
13847,2009-12-20,2009-12-20,719,1,96,310.72,1
13848,2009-12-09,2011-09-08,91,11,12900,4270.0,1
13849,2010-03-25,2011-10-19,51,7,2899,5007.25,0
13850,2011-08-02,2011-08-02,128,2,1888,3190.96,1
13851,2010-01-29,2011-09-05,95,11,4230,7257.92,1
13852,2010-04-08,2010-04-08,610,1,85,187.35,1
13853,2011-10-13,2011-10-13,56,2,624,2180.28,0
13854,2010-01-08,2011-12-01,8,64,5938,20054.08,0
13855,2009-12-08,2010-07-27,500,4,575,1310.34,1
13856,2010-03-30,2011-06-24,168,14,1599,1530.53,1
13857,2010-05-17,2010-11-11,392,6,782,1001.01,1
13858,2011-10-13,2011-10-13,56,2,150,432.34,0
13859,2010-06-28,2011-01-17,325,3,296,717.02,1
13860,2011-09-14,2011-12-08,0,10,1182,2491.8,0
13861,2010-06-27,2010-10-06,428,2,225,273.26,1
13862,2010-11-15,2011-11-21,17,17,3615,4765.45,0
13863,2010-04-25,2011-04-06,247,5,777,1545.33,1
13864,2010-11-18,2010-11-18,386,1,192,662.4,1
13865,2011-02-23,2011-10-12,57,8,408,1003.12,0
13866,2011-09-26,2011-09-26,73,2,114,291.34,0
13867,2011-05-05,2011-11-08,30,6,1002,2010.18,0
13868,2011-11-01,2011-12-02,6,4,3928,6385.08,0
13869,2010-01-17,2011-08-08,122,14,6011,11080.52,1
13870,2010-02-08,2011-12-07,1,23,4774,8483.02,0
13871,2009-12-20,2011-11-17,22,30,6308,14289.1,0
13872,2009-12-14,2010-06-30,526,3,339,919.57,1
13873,2010-03-03,2011-08-12,119,11,612,1428.52,1
13874,2010-02-04,2010-12-16,357,8,1044,2589.6,1
13875,2009-12-17,2011-10-17,53,19,4388,6601.16,0
13876,2011-10-07,2011-10-07,63,2,72,245.4,0
13877,2010-01-19,2011-09-14,85,4,586,566.92,0
13878,2010-04-14,2011-10-16,54,5,1390,3688.47,0
13879,2010-03-04,2010-03-04,645,1,204,395.5,1
13880,2010-05-26,2011-11-18,20,30,4377,7513.63,0
13881,2010-03-04,2011-12-06,3,63,39878,62338.62,0
13882,2011-10-06,2011-12-07,2,10,1906,2382.26,0
13883,2009-12-08,2011-11-29,10,20,5020,9234.5,0
13884,2010-08-26,2011-12-02,6,15,1052,2612.63,0
13885,2011-05-23,2011-06-03,188,4,364,1013.6,1
13886,2011-09-29,2011-09-29,70,2,252,487.12,0
13887,2011-05-19,2011-05-19,203,2,294,699.1,1
13888,2010-05-13,2011-08-12,119,9,1049,2597.26,1
13889,2010-01-22,2011-09-08,92,7,1125,2408.13,1
13890,2009-12-06,2011-12-08,0,24,2223,4811.19,0
13891,2010-05-06,2010-11-26,377,3,476,859.21,1
13892,2010-05-13,2011-11-13,26,10,4108,1900.62,0
13893,2011-02-15,2011-02-15,297,2,380,1642.2,1
13894,2011-02-02,2011-11-16,23,6,708,1129.24,0
13895,2009-12-03,2011-11-11,27,10,3425,6601.59,0
13896,2010-03-24,2010-03-24,625,1,149,388.55,1
13897,2010-01-31,2011-10-20,49,4,1020,1471.88,0
13898,2010-10-24,2011-01-18,325,3,677,842.33,1
13899,2011-03-10,2011-11-23,15,4,312,777.04,0
13900,2010-03-25,2011-06-09,182,9,1368,2351.54,1
13901,2010-01-05,2011-09-28,71,20,5083,8543.54,0
13902,2009-12-15,2010-03-17,631,5,220600,34095.26,1
13903,2010-11-04,2010-11-04,399,1,103,165.45,1
13904,2011-02-18,2011-11-02,36,4,664,665.28,0
13905,2009-12-07,2009-12-07,732,1,135,312.65,1
13906,2010-10-26,2010-10-26,408,1,100,42.0,1
13907,2010-01-17,2010-01-17,691,1,68,136.8,1
13908,2011-03-08,2011-09-21,79,8,2956,4739.1,0
13909,2010-07-06,2010-10-12,422,2,301,282.85,1
13911,2010-03-01,2011-10-13,56,29,7218,6815.9,0
13912,2010-10-12,2010-10-12,423,1,29,124.95,1
13913,2010-07-21,2010-07-21,506,1,10,42.22,1
13914,2011-11-03,2011-11-28,11,4,760,1252.9,0
13915,2010-11-10,2010-11-10,393,1,24,70.8,1
13916,2010-02-02,2010-09-02,463,4,673,1275.81,1
13917,2011-06-01,2011-10-21,49,4,456,544.08,0
13918,2011-03-31,2011-10-21,49,4,2280,2425.68,0
13919,2010-06-17,2011-10-11,58,6,1607,1745.49,0
13920,2010-05-26,2010-10-04,431,4,1772,1774.68,1
13921,2009-12-18,2010-11-02,401,4,210,730.7,1
13922,2010-08-29,2010-12-23,351,4,560,1037.45,1
13923,2011-10-17,2011-10-17,53,2,370,702.26,0
13924,2011-09-28,2011-12-08,1,12,3150,3677.7,0
13925,2011-07-28,2011-09-08,92,8,662,1356.5,1
13926,2011-11-16,2011-11-16,22,2,208,447.7,0
13927,2010-09-28,2011-09-26,74,3,677,1057.25,0
13928,2011-07-29,2011-11-29,10,8,258,929.14,0
13929,2010-01-14,2011-06-23,168,13,1709,4336.75,1
13930,2011-07-26,2011-10-13,57,4,548,674.68,0
13931,2009-12-03,2011-09-05,95,13,4213,6494.91,1
13932,2011-02-18,2011-02-18,294,2,144,614.8,1
13933,2011-07-14,2011-08-22,108,4,410,1217.58,1
13934,2011-03-21,2011-03-21,263,2,780,1844.2,1
13935,2010-02-25,2010-04-22,596,3,2252,6116.92,1
13936,2010-10-21,2011-06-13,179,4,991,1316.24,1
13937,2010-11-02,2011-06-23,168,3,710,1038.98,1
13938,2011-11-04,2011-11-04,34,2,140,143.32,0
13939,2010-04-06,2011-11-16,22,10,2455,2129.51,0
13940,2011-07-18,2011-11-22,16,8,1032,1678.28,0
13941,2009-12-16,2011-11-18,21,20,7146,15140.14,0
13942,2010-06-23,2010-06-23,534,1,1000,320.0,1
13943,2010-05-11,2010-05-11,577,1,94,246.54,1
13944,2010-02-24,2010-02-24,652,1,153,200.43,1
13945,2010-08-17,2010-11-10,394,2,413,854.15,1
13946,2009-12-04,2011-09-21,78,9,3290,2437.8,0
13947,2011-10-05,2011-10-05,64,2,88,181.2,0
13948,2009-12-04,2010-12-14,360,5,288,650.76,1
13949,2011-09-06,2011-12-07,2,12,4948,4854.64,0
13950,2011-04-07,2011-11-28,10,8,646,1490.12,0
13951,2011-02-18,2011-06-16,175,6,918,1348.9,1
13952,2009-12-16,2011-05-06,217,16,7378,16074.59,1
13953,2009-12-11,2011-12-02,6,19,7948,10156.36,0
13954,2011-09-30,2011-12-08,1,4,300,879.84,0
13955,2010-11-29,2011-07-08,153,5,426,867.03,1
13956,2011-03-13,2011-12-04,4,10,972,2038.54,0
13957,2010-02-19,2010-10-18,417,3,157,458.25,1
13958,2009-12-05,2010-11-25,379,8,2264,4709.23,1
13959,2010-07-16,2011-09-21,78,9,1049,1658.81,0
13960,2011-09-29,2011-11-18,20,4,284,460.44,0
13961,2010-11-12,2010-11-12,391,1,226,538.4,1
13962,2010-09-30,2011-11-18,21,5,247,532.35,0
13963,2010-04-21,2011-02-04,307,21,2467,3525.11,1
13964,2010-10-05,2010-11-17,386,2,228,438.9,1
13965,2010-01-05,2010-08-20,476,3,425,996.61,1
13966,2010-09-30,2010-09-30,434,1,760,384.26,1
13967,2010-11-08,2011-07-17,145,3,108,247.0,1
13968,2010-10-12,2010-10-12,422,1,174,123.66,1
13969,2010-03-25,2011-12-02,6,53,11168,21997.63,0
13970,2010-09-28,2010-11-18,385,2,469,846.55,1
13971,2010-01-26,2011-11-21,18,22,4928,7425.83,0
13972,2011-05-22,2011-09-30,70,4,374,380.5,0
13973,2011-02-25,2011-02-25,286,2,218,529.4,1
13974,2010-05-06,2011-10-21,48,3,605,1091.31,0
13975,2010-02-02,2011-11-08,30,18,5581,7717.64,0
13976,2010-02-09,2011-05-17,206,5,606,1550.34,1
13977,2010-10-24,2010-10-24,410,1,303,519.81,1
13978,2011-10-25,2011-11-25,14,4,630,393.58,0
13979,2009-12-03,2011-09-27,72,8,2909,4249.8,0
13980,2010-02-21,2011-10-10,59,6,635,968.96,0
13981,2010-10-20,2010-10-20,415,1,234,331.14,1
13982,2010-01-20,2011-10-31,38,13,3614,5826.1,0
13983,2009-12-09,2011-11-10,29,33,5108,9357.32,0
13984,2009-12-07,2011-11-13,26,17,1980,2814.31,0
13985,2010-02-09,2011-12-05,3,37,8381,17080.99,0
13986,2011-11-22,2011-11-22,16,2,860,640.92,0
13987,2010-11-04,2010-11-25,379,2,492,682.54,1
13988,2010-03-24,2011-11-20,19,14,6429,8905.76,0
13989,2010-05-25,2011-10-05,65,7,3520,3292.14,0
13990,2011-05-10,2011-05-10,212,2,380,622.6,1
13991,2011-07-19,2011-11-27,11,12,1990,1705.76,0
13992,2010-09-02,2011-11-09,29,4,218,296.3,0
13993,2009-12-03,2011-10-28,42,28,3035,10242.07,0
13994,2011-07-14,2011-12-06,3,12,1864,4548.28,0
13995,2009-12-18,2011-11-24,14,19,3238,5295.7,0
13996,2010-11-05,2010-11-18,385,2,613,895.76,1
13997,2010-06-07,2010-07-08,518,3,143,376.46,1
13998,2010-05-12,2010-09-19,446,3,204,566.7,1
13999,2009-12-05,2011-11-29,9,41,7286,13404.07,0
14000,2009-12-02,2011-05-12,210,6,2548,2682.0,1
14001,2010-08-03,2011-10-25,45,12,2741,6271.93,0
14002,2011-07-06,2011-07-28,133,4,1754,1059.46,1
14003,2009-12-07,2009-12-07,732,1,149,209.41,1
14004,2010-09-30,2011-10-27,42,18,6093,10841.09,0
14005,2011-05-08,2011-11-30,9,10,4956,5749.44,0
14006,2010-02-25,2011-08-16,115,10,2822,3158.86,1
14007,2010-07-15,2010-07-15,512,1,16,79.48,1
14008,2010-10-03,2010-10-03,431,1,326,509.04,1
14009,2010-09-03,2011-05-25,197,5,1316,1795.52,1
14010,2010-05-23,2010-05-23,564,2,177,445.15,1
14011,2010-04-11,2010-08-16,479,2,644,457.82,1
14012,2011-03-07,2011-03-07,277,2,320,657.6,1
14013,2010-03-26,2011-08-21,109,8,1237,1557.59,1
14014,2010-05-12,2011-09-23,76,4,3080,2453.39,0
14015,2011-10-18,2011-10-18,52,2,756,1834.68,0
14016,2010-01-08,2011-07-01,161,15,7847,15744.62,1
14017,2010-05-17,2010-05-17,570,1,73,229.75,1
14018,2010-03-04,2010-03-04,644,1,224,367.15,1
14019,2011-07-24,2011-10-24,46,6,2074,2843.22,0
14020,2010-06-28,2011-11-23,16,6,1089,1891.81,0
14021,2010-04-26,2011-07-07,154,10,1070,2348.48,1
14022,2010-08-10,2011-04-28,224,3,1168,1232.15,1
14023,2011-04-03,2011-12-02,6,4,690,1168.14,0
14024,2010-11-14,2011-08-10,121,5,388,973.44,1
14025,2010-05-05,2010-09-01,464,8,1914,4057.9,1
14026,2010-03-24,2010-08-26,470,2,427,713.11,1
14027,2011-10-10,2011-10-10,60,2,124,209.64,0
14028,2010-06-07,2010-06-07,549,3,7170,10396.5,1
14029,2011-07-18,2011-10-07,62,4,396,935.32,0
14030,2009-12-10,2011-11-21,17,28,5693,9880.64,0
14031,2009-12-03,2011-12-02,6,63,19571,56306.37,0
14032,2009-12-14,2011-12-07,1,27,5772,7522.0,0
14033,2010-06-02,2010-06-02,554,1,576,109.44,1
14034,2011-07-05,2011-11-17,21,6,840,1297.78,0
14035,2010-04-06,2011-11-11,28,14,2144,4222.77,0
14036,2011-02-28,2011-02-28,284,2,536,1253.3,1
14037,2009-12-07,2011-06-16,175,8,636,984.15,1
14038,2010-02-04,2011-09-22,77,8,2673,4630.26,0
14039,2010-05-13,2011-11-06,32,3,284,419.48,0
14040,2009-12-01,2011-10-30,40,47,6516,16084.13,0
14041,2011-03-18,2011-03-18,265,2,188,282.82,1
14042,2009-12-14,2009-12-14,724,1,180,431.98,1
14043,2009-12-10,2010-08-05,490,2,152,302.6,1
14044,2010-01-24,2011-11-13,26,14,2404,3724.12,0
14045,2010-01-08,2011-08-22,108,20,4994,12646.38,1
14046,2011-02-28,2011-02-28,283,2,920,309.98,1
14047,2010-02-01,2011-12-01,8,19,1922,5276.72,0
14048,2010-11-22,2011-02-07,304,4,755,1158.62,1
14049,2010-04-01,2011-11-23,16,17,12288,18602.12,0
14050,2011-08-25,2011-11-08,31,4,1378,1492.72,0
14051,2009-12-03,2011-12-09,0,60,9465,37381.37,0
14052,2010-11-14,2011-11-20,19,3,263,692.02,0
14053,2010-08-10,2011-08-07,123,6,705,832.55,1
14054,2011-10-05,2011-10-05,64,2,124,184.92,0
14055,2009-12-16,2011-08-25,105,4,936,2246.6,1
14056,2011-02-28,2011-12-08,0,46,8504,16305.42,0
14057,2009-12-03,2011-11-16,23,39,11311,14558.32,0
14058,2010-06-27,2010-09-03,462,2,211,469.19,1
14059,2011-03-18,2011-03-18,266,2,256,367.2,1
14060,2010-03-11,2011-12-05,4,49,12805,15038.66,0
14061,2009-12-01,2010-07-20,506,3,133,917.43,1
14062,2009-12-10,2011-11-30,9,36,18387,36050.5,0
14063,2009-12-08,2010-09-27,437,9,3850,22710.2,1
14064,2010-01-21,2011-11-10,28,20,5683,4594.58,0
14065,2010-10-04,2010-11-15,388,3,582,891.02,1
14066,2011-03-18,2011-03-18,266,2,90,305.1,1
14067,2011-09-04,2011-10-07,63,4,722,749.4,0
14068,2010-01-31,2011-01-23,319,5,583,1782.57,1
14069,2010-05-27,2010-07-13,514,2,58,225.81,1
14070,2010-01-24,2010-01-24,684,1,85,321.6,1
14071,2011-03-20,2011-12-06,3,16,1988,2875.14,0
14072,2010-02-11,2010-02-11,666,1,65,390.85,1
14073,2011-11-07,2011-11-07,31,2,260,302.08,0
14074,2010-03-26,2010-03-26,622,1,228,219.4,1
14075,2010-06-16,2011-12-05,4,9,2248,2677.13,0
14076,2011-08-02,2011-08-02,128,2,158,237.34,1
14077,2010-11-09,2011-10-30,40,11,644,1114.5,0
14078,2010-03-28,2011-08-30,101,15,896,2602.84,1
14079,2010-01-26,2011-08-07,124,3,603,993.83,1
14080,2009-12-02,2011-11-07,32,6,316,1161.28,0
14081,2009-12-10,2011-02-10,301,12,3973,5789.19,1
14082,2010-11-12,2010-12-10,364,3,356,595.61,1
14083,2009-12-18,2011-12-05,3,20,1465,2085.09,0
14084,2010-07-15,2010-07-15,511,1,306,150.5,1
14085,2009-12-08,2011-12-07,1,51,9611,14141.96,0
14086,2010-09-03,2010-09-03,462,1,1,39.95,1
14087,2009-12-04,2011-12-07,2,4,968,1020.94,0
14088,2010-10-14,2011-11-29,9,29,27941,114528.61,0
14089,2011-10-14,2011-10-14,56,2,266,317.5,0
14090,2011-01-19,2011-01-19,324,2,144,152.64,1
14091,2010-01-10,2010-02-23,653,2,3316,9530.08,1
14092,2009-12-16,2011-12-02,7,38,5672,11306.36,0
14093,2011-11-27,2011-11-27,11,2,782,867.72,0
14094,2010-09-26,2010-09-26,439,1,158,311.77,1
14095,2009-12-17,2009-12-17,722,1,1,2.95,1
14096,2011-08-30,2011-12-05,3,34,32704,130329.58,0
14097,2010-03-04,2010-08-15,480,2,352,422.86,1
14098,2011-11-03,2011-11-03,36,2,208,294.7,0
14099,2009-12-10,2011-11-23,15,31,5845,8855.08,0
14100,2011-07-25,2011-07-25,137,2,126,383.9,1
14101,2010-03-28,2011-09-27,73,19,17484,15938.72,0
14102,2011-10-26,2011-12-04,4,10,1538,2211.76,0
14104,2010-05-28,2011-07-08,154,7,568,959.74,1
14105,2009-12-18,2011-04-14,238,6,4334,7255.06,1
14106,2009-12-02,2009-12-02,736,1,24,214.8,1
14107,2009-12-09,2011-10-19,51,18,5282,7580.53,0
14108,2009-12-01,2011-11-09,30,6,1041,1642.87,0
14109,2011-09-28,2011-09-28,72,2,176,288.4,0
14110,2009-12-01,2011-12-06,3,45,8270,18671.1,0
14111,2011-04-12,2011-11-25,13,8,916,1385.7,0
14112,2010-02-23,2011-11-17,22,20,5190,8749.74,0
14113,2009-12-08,2011-12-06,3,20,4184,8933.03,0
14114,2010-04-12,2011-03-11,273,9,751,1750.62,1
14115,2010-02-11,2010-07-26,501,2,509,622.67,1
14116,2011-08-10,2011-11-20,19,10,1414,2765.48,0
14117,2011-07-19,2011-07-19,143,2,144,180.0,1
14118,2010-10-07,2010-10-07,428,1,97,458.45,1
14119,2009-12-21,2010-11-29,375,2,177,183.37,1
14121,2011-10-11,2011-12-06,3,8,4164,5560.3,0
14122,2009-12-02,2010-10-29,405,3,114,362.42,1
14123,2009-12-06,2009-12-06,732,1,234,436.18,1
14124,2011-09-16,2011-09-16,83,2,3236,839.16,0
14125,2011-09-22,2011-11-29,10,6,3256,5441.26,0
14126,2010-09-21,2011-12-02,7,7,1395,1878.59,0
14127,2010-10-10,2011-08-09,122,9,1149,2609.79,1
14128,2010-06-06,2011-10-10,60,5,1378,1561.71,0
14129,2010-05-09,2011-12-08,1,14,2006,3715.2,0
14130,2009-12-11,2011-01-24,318,5,1472,2339.68,1
14131,2010-03-01,2010-03-01,648,1,105,168.22,1
14132,2011-06-09,2011-12-07,1,22,6736,7172.06,0
14133,2009-12-06,2011-08-02,129,7,746,1516.78,1
14134,2009-12-10,2010-11-22,382,15,5814,11123.35,1
14135,2009-12-02,2011-12-08,1,39,12384,13529.98,0
14136,2009-12-08,2010-11-04,400,5,1148,1570.81,1
14137,2010-01-13,2010-01-13,695,1,462,332.7,1
14138,2011-10-07,2011-12-08,1,4,1200,1931.76,0
14139,2010-06-15,2011-10-24,45,5,1559,1502.62,0
14140,2011-11-08,2011-12-06,3,4,1622,1870.1,0
14141,2011-08-26,2011-12-07,2,8,710,1830.26,0
14142,2010-03-03,2010-12-01,372,3,831,983.15,1
14143,2011-07-29,2011-07-29,133,2,60,231.6,1
14144,2010-08-10,2010-08-10,485,1,12,30.6,1
14145,2010-04-08,2011-10-24,46,11,2411,11342.25,0
14146,2010-01-13,2011-12-01,8,17,8217,13641.3,0
14147,2010-03-09,2011-09-22,77,11,1103,3073.6,0
14148,2010-10-21,2011-04-20,233,3,239,623.49,1
14149,2011-05-03,2011-05-03,220,2,436,893.24,1
14150,2010-12-15,2011-11-04,35,4,992,1317.28,0
14151,2009-12-23,2010-02-04,672,2,405,679.45,1
14152,2010-02-18,2011-09-25,74,9,2555,2618.63,0
14153,2010-08-13,2010-08-13,482,1,312,233.4,1
14154,2010-01-13,2011-04-14,238,10,3687,7806.32,1
14155,2011-03-18,2011-03-18,265,2,50,237.5,1
14156,2009-12-01,2011-11-30,9,211,222093,430647.7,0
14157,2010-03-03,2011-11-20,19,7,792,1403.58,0
14158,2011-10-30,2011-10-30,39,2,1562,1015.32,0
14159,2009-12-03,2011-11-20,19,31,10868,12491.15,0
14160,2010-01-10,2010-04-08,609,7,4661,8421.47,1
14161,2009-12-13,2011-05-08,215,10,1930,4094.55,1
14162,2011-02-20,2011-06-19,173,4,284,578.72,1
14163,2010-09-03,2011-09-13,86,9,1843,5040.53,0
14164,2011-09-20,2011-09-30,70,4,2066,3263.54,0
14165,2011-03-09,2011-03-09,275,2,106,240.88,1
14166,2010-03-23,2010-07-22,504,2,82,251.15,1
14167,2010-01-27,2011-10-31,38,12,487,1836.88,0
14168,2010-05-24,2010-10-15,420,2,147,370.45,1
14169,2010-09-21,2010-10-05,430,2,205,621.51,1
14170,2010-11-09,2010-11-29,374,3,270,570.18,1
14171,2009-12-09,2011-09-02,97,3,378,862.58,1
14172,2010-03-07,2010-04-13,604,3,78,369.02,1
14173,2009-12-09,2011-11-29,10,10,344,1036.84,0
14174,2011-11-06,2011-11-06,32,2,188,268.92,0
14175,2010-03-22,2011-10-11,59,11,4524,10901.18,0
14176,2010-11-23,2011-02-15,296,9,474,1333.36,1
14177,2010-02-26,2011-09-14,85,17,1247,2759.15,0
14178,2011-06-10,2011-12-01,8,14,2988,3200.52,0
14179,2011-10-18,2011-10-30,40,4,638,1403.14,0
14180,2010-06-09,2011-11-29,10,58,1566,10866.02,0
14181,2010-05-26,2010-10-25,410,2,120,308.35,1
14182,2010-04-22,2010-09-22,443,4,174,678.77,1
14183,2010-08-15,2010-10-24,410,2,60,278.34,1
14184,2011-10-04,2011-10-04,66,2,254,905.78,0
14185,2011-01-12,2011-01-12,330,2,12,395.3,1
14186,2010-03-05,2010-10-08,426,5,1550,1550.63,1
14187,2010-08-23,2010-08-23,473,1,50,123.5,1
14188,2011-02-02,2011-11-09,30,12,2324,4108.72,0
14189,2010-11-16,2011-12-07,1,31,8329,10157.23,0
14190,2010-02-11,2010-02-11,665,1,2,79.9,1
14191,2009-12-11,2011-12-08,1,28,7386,9502.42,0
14192,2010-11-16,2010-11-16,387,1,218,293.74,1
14193,2010-11-08,2011-10-03,67,5,1098,2063.58,0
14194,2010-01-06,2011-12-05,4,57,15877,30020.11,0
14195,2010-03-15,2011-05-22,201,8,2904,3627.6,1
14196,2011-08-25,2011-08-25,106,2,284,671.04,1
14197,2010-10-25,2010-10-25,410,1,143,390.05,1
14198,2010-01-05,2011-11-21,17,13,913,2271.13,0
14199,2010-06-27,2011-05-05,217,5,282,1277.1,1
14200,2010-04-01,2010-04-01,616,1,140,379.2,1
14201,2010-04-30,2011-10-10,59,17,1396,1940.98,0
14202,2010-03-25,2010-11-23,380,3,166,847.76,1
14203,2010-11-07,2010-11-07,396,1,80,339.34,1
14204,2009-12-02,2011-12-07,1,5,541,1175.44,0
14205,2010-03-07,2011-11-23,16,11,1546,2880.9,0
14206,2010-11-02,2011-04-14,238,4,1206,1513.17,1
14207,2010-01-21,2010-01-21,687,1,36,157.8,1
14208,2010-06-06,2011-09-06,94,3,643,718.79,1
14209,2010-01-22,2011-11-29,10,21,2430,7066.7,0
14210,2010-01-06,2011-08-26,105,22,3271,7462.41,1
14211,2009-12-09,2011-10-17,52,27,3817,6643.39,0
14212,2010-09-20,2011-09-11,89,3,3198,3260.62,0
14213,2010-10-31,2010-10-31,404,1,244,1192.2,1
14214,2011-03-07,2011-11-09,30,10,1502,2008.76,0
14215,2009-12-08,2011-11-28,11,15,3539,5040.05,0
14216,2010-10-21,2011-12-06,2,9,1306,3989.34,0
14217,2010-06-30,2011-12-08,1,40,1919,5303.57,0
14218,2011-10-28,2011-10-28,42,2,320,338.96,0
14219,2010-08-03,2011-12-05,3,4,441,723.77,0
14220,2010-05-19,2011-04-06,246,6,740,2147.4,1
14221,2010-04-06,2011-10-28,41,26,5999,9950.29,0
14222,2011-06-15,2011-06-15,176,2,1214,1366.34,1
14223,2011-03-20,2011-09-08,91,6,1170,1982.26,1
14224,2010-06-13,2011-08-21,109,13,1309,2851.44,1
14225,2010-01-12,2010-10-01,434,4,1167,2031.07,1
14226,2010-09-24,2011-11-11,28,11,3010,5199.92,0
14227,2010-02-08,2011-11-13,25,25,5868,9719.67,0
14228,2010-06-11,2010-09-28,437,3,260,745.5,1
14229,2010-08-25,2011-10-19,51,10,1544,4141.24,0
14230,2010-06-09,2010-09-30,435,3,246,979.8,1
14231,2010-09-15,2011-06-09,183,7,1019,2161.33,1
14232,2011-03-20,2011-10-28,42,10,3882,4096.14,0
14233,2010-03-05,2011-10-21,48,11,1941,4366.99,0
14234,2011-10-13,2011-11-17,21,8,1902,1508.24,0
14235,2010-03-30,2011-09-25,74,14,4973,7862.85,0
14236,2010-07-22,2011-09-20,80,7,1084,2046.2,0
14237,2010-04-28,2010-12-01,372,3,276,632.14,1
14238,2009-12-05,2011-01-17,325,4,300,581.08,1
14239,2009-12-05,2011-10-27,42,32,2722,6644.02,0
14240,2010-10-12,2011-11-09,29,5,1073,2137.83,0
14241,2010-01-12,2011-06-09,183,3,388,547.4,1
14242,2011-01-18,2011-04-19,234,4,246,561.1,1
14243,2010-08-20,2011-12-01,8,27,4852,9806.52,0
14244,2010-02-17,2010-02-17,660,1,814,366.42,1
14245,2011-03-21,2011-05-04,219,4,1952,3386.9,1
14246,2011-04-08,2011-08-21,110,6,1608,2948.12,1
14247,2010-06-06,2011-03-06,277,6,425,890.33,1
14248,2010-07-12,2011-01-25,317,4,794,1335.53,1
14249,2010-01-29,2010-10-25,410,12,2383,5400.46,1
14250,2011-09-11,2011-12-02,6,6,2400,3808.1,0
14251,2011-10-13,2011-12-08,1,10,3348,5759.4,0
14252,2010-11-23,2010-11-23,380,1,111,350.99,1
14253,2010-03-26,2010-08-03,492,2,88,363.4,1
14254,2010-10-03,2010-10-03,432,1,263,601.03,1
14255,2010-06-11,2010-06-11,545,1,1,1000.63,1
14256,2010-01-14,2011-03-24,259,7,1561,3429.85,1
14257,2010-03-01,2011-10-06,63,14,5014,9054.17,0
14258,2009-12-04,2011-11-30,8,34,24588,44721.32,0
14259,2011-07-21,2011-07-21,141,2,136,240.0,1
14260,2010-06-09,2010-08-25,470,3,544,824.28,1
14261,2011-09-22,2011-10-20,50,4,812,2326.9,0
14262,2011-04-13,2011-12-01,7,16,3290,5236.46,0
14263,2010-10-12,2010-10-12,422,1,171,322.93,1
14264,2010-04-07,2011-07-08,154,8,623,1851.33,1
14265,2010-04-06,2011-08-22,108,6,1045,1903.53,1
14266,2010-10-07,2010-10-07,427,1,24,40.56,1
14267,2011-03-24,2011-06-30,162,6,1060,3032.48,1
14268,2010-08-26,2010-08-26,470,1,147,354.85,1
14269,2010-09-26,2010-09-26,438,1,123,295.73,1
14270,2011-01-12,2011-01-12,331,2,394,985.3,1
14271,2010-10-26,2011-04-28,225,3,236,326.5,1
14272,2010-05-06,2011-09-27,73,6,1696,1358.77,0
14273,2011-04-11,2011-10-19,50,8,528,1119.94,0
14274,2010-01-22,2010-01-22,685,1,178,256.6,1
14275,2010-04-11,2010-11-09,395,6,538,1189.38,1
14276,2010-02-17,2011-09-02,98,10,2150,3222.42,1
14277,2009-12-13,2011-11-24,14,12,91782,21385.61,0
14278,2010-10-26,2010-10-26,409,1,131,205.83,1
14279,2010-01-27,2010-07-07,520,2,46,191.86,1
14280,2011-05-27,2011-05-27,196,2,104,268.08,1
14281,2010-10-27,2010-10-27,407,1,45,245.15,1
14282,2010-02-15,2011-12-06,2,40,7822,10952.2,0
14283,2010-05-19,2010-09-02,462,4,550,628.44,1
14284,2010-02-24,2011-11-09,30,5,671,1894.9,0
14285,2009-12-08,2011-11-18,20,12,1495,5194.43,0
14286,2009-12-04,2011-11-16,23,10,13133,13108.51,0
14287,2011-05-25,2011-12-01,7,6,522,353.26,0
14288,2011-05-10,2011-05-10,212,2,376,853.2,1
14289,2011-02-23,2011-12-01,8,12,584,1822.52,0
14290,2009-12-08,2011-11-28,10,13,2515,6831.21,0
14291,2009-12-09,2011-12-08,1,34,8895,11787.35,0
14292,2010-03-19,2011-12-02,7,25,5092,14098.18,0
14293,2009-12-10,2011-12-06,2,13,2267,3949.57,0
14294,2010-10-28,2010-10-28,406,1,190,375.34,1
14295,2009-12-08,2011-10-30,39,6,1113,2529.11,0
14296,2010-05-14,2010-10-14,420,2,314,456.4,1
14297,2011-03-10,2011-11-22,17,8,1730,2610.66,0
14298,2009-12-11,2011-12-01,7,126,158615,142721.79,0
14299,2009-12-02,2011-12-01,7,36,10285,18035.87,0
14300,2011-11-21,2011-11-21,18,2,64,86.4,0
14301,2010-02-11,2011-08-14,116,5,2292,2632.32,1
14302,2009-12-02,2010-10-05,430,3,298,742.9,1
14303,2010-10-01,2010-10-28,406,2,218,277.94,1
14304,2010-05-18,2011-05-01,222,4,914,2108.46,1
14305,2011-07-27,2011-09-29,70,6,2178,3717.92,0
14306,2010-01-31,2011-10-19,50,8,3140,5244.72,0
14307,2009-12-07,2011-09-12,88,16,4874,7283.64,0
14308,2010-06-08,2010-06-08,548,2,2,1147.02,1
14309,2010-06-07,2011-12-01,7,20,4216,6133.34,0
14310,2010-10-03,2010-10-03,432,1,230,492.1,1
14311,2010-05-21,2011-04-11,242,3,381,826.71,1
14312,2010-07-23,2011-10-24,46,17,2916,4701.88,0
14314,2010-10-05,2011-08-25,106,3,628,349.8,1
14315,2010-03-15,2011-10-26,44,14,2365,5678.95,0
14316,2010-03-19,2010-10-13,421,5,4494,1370.34,1
14317,2011-10-06,2011-10-06,64,2,510,1017.16,0
14318,2010-09-05,2010-09-05,459,1,152,158.02,1
14319,2010-10-11,2010-10-11,423,1,329,494.85,1
14320,2010-01-21,2011-05-17,206,7,1038,1824.54,1
14321,2010-08-23,2011-11-29,10,12,5681,3748.81,0
14322,2010-02-18,2010-10-06,428,4,158,474.1,1
14323,2011-04-15,2011-08-17,114,4,700,1210.12,1
14324,2010-01-15,2010-10-26,409,2,402,701.61,1
14325,2010-05-19,2010-05-19,569,1,320,245.48,1
14326,2010-06-25,2011-04-11,241,4,675,1124.83,1
14327,2010-01-08,2011-06-29,162,7,1435,2206.58,1
14328,2010-09-27,2010-09-27,437,1,1,445.05,1
14329,2009-12-16,2011-11-22,16,22,9000,14862.86,0
14330,2010-03-26,2010-03-26,623,1,103,200.63,1
14331,2011-07-27,2011-08-07,123,4,504,925.32,1
14332,2010-10-19,2011-11-17,22,8,1338,2757.62,0
14333,2011-10-03,2011-10-03,67,2,116,830.4,0
14334,2010-05-20,2011-11-23,16,20,4717,6870.69,0
14335,2011-09-04,2011-11-23,15,4,750,909.72,0
14336,2011-03-08,2011-11-23,16,8,3518,3229.82,0
14338,2010-06-21,2011-07-01,160,5,957,1516.32,1
14339,2010-10-07,2011-04-11,242,3,624,929.79,1
14340,2011-05-05,2011-05-05,218,2,116,269.4,1
14341,2009-12-01,2011-10-25,44,26,4210,6619.0,0
14342,2010-08-24,2011-11-18,20,10,868,1587.0,0
14343,2010-01-18,2010-10-14,420,4,626,1079.66,1
14344,2010-03-23,2011-08-04,126,28,2023,3882.98,1
14345,2011-11-01,2011-11-01,38,2,100,217.96,0
14346,2010-07-30,2011-08-11,120,7,2483,3337.33,1
14347,2009-12-03,2009-12-03,736,1,48,82.6,1
14348,2011-03-24,2011-03-24,259,2,366,819.14,1
14349,2011-11-29,2011-11-29,9,2,172,267.0,0
14350,2010-10-05,2011-03-10,273,4,726,1254.96,1
14351,2011-06-28,2011-06-28,164,2,24,102.0,1
14352,2011-03-11,2011-07-05,156,8,1076,2157.92,1
14353,2010-10-04,2011-05-08,214,4,408,467.1,1
14354,2011-11-09,2011-12-04,5,4,420,327.24,0
14355,2010-03-22,2010-12-09,365,4,709,1014.45,1
14356,2011-09-19,2011-09-21,79,4,554,1402.46,0
14357,2011-10-27,2011-10-27,42,2,294,450.24,0
14358,2010-10-07,2010-11-15,388,2,338,400.06,1
14359,2011-09-13,2011-11-20,18,6,742,1824.36,0
14360,2011-09-06,2011-11-08,31,8,2278,4236.06,0
14361,2010-05-10,2010-05-10,578,1,251,214.71,1
14362,2011-11-17,2011-11-17,21,2,192,303.0,0
14363,2010-09-14,2010-11-02,401,2,105,227.47,1
14364,2011-05-12,2011-08-23,108,16,3934,7434.7,1
14365,2010-01-27,2010-11-10,394,2,557,634.68,1
14366,2010-07-02,2010-07-02,524,1,16,136.0,1
14367,2011-03-08,2011-12-01,7,32,8852,18455.64,0
14368,2011-01-24,2011-01-24,319,2,72,310.0,1
14369,2010-02-16,2010-03-07,641,2,255,469.13,1
14370,2010-02-01,2010-09-15,450,6,266,1175.78,1
14371,2011-02-17,2011-02-17,294,2,68,201.0,1
14372,2010-04-19,2010-09-22,442,2,378,860.08,1
14373,2010-12-16,2010-12-16,357,2,34,153.1,1
14374,2010-06-16,2010-06-16,540,1,20,108.0,1
14375,2010-06-16,2011-06-07,184,4,831,1342.38,1
14376,2010-01-25,2010-01-25,682,1,50,215.46,1
14377,2011-03-22,2011-06-01,190,4,438,1234.1,1
14378,2010-03-28,2010-03-28,621,1,57,131.25,1
14379,2010-08-16,2011-10-26,43,6,1004,1613.26,0
14380,2010-01-26,2010-01-26,681,1,1,48.96,1
14381,2010-09-14,2011-10-18,51,3,595,828.62,0
14382,2010-11-14,2011-11-13,25,3,2898,1809.12,0
14383,2011-06-29,2011-11-01,37,6,1634,2495.38,0
14384,2010-07-27,2010-07-27,500,1,30,58.5,1
14385,2011-11-16,2011-11-30,8,6,318,404.22,0
14386,2011-02-16,2011-02-16,296,2,108,284.8,1
14387,2011-08-22,2011-11-07,32,6,1590,3455.2,0
14388,2010-01-20,2011-11-29,9,24,6131,9601.04,0
14389,2010-04-28,2011-10-05,64,7,2117,2941.47,0
14390,2010-10-10,2011-11-29,9,22,4963,10792.6,0
14391,2010-05-12,2010-05-12,576,1,168,135.6,1
14392,2010-10-03,2010-10-03,431,1,114,266.4,1
14393,2011-05-05,2011-05-05,217,2,26,135.9,1
14394,2010-05-24,2010-05-24,564,1,58,93.8,1
14395,2010-04-18,2011-12-07,1,29,5561,11281.84,0
14396,2009-12-02,2011-10-05,64,9,1184,2457.37,0
14397,2011-05-10,2011-12-07,2,38,3780,5225.92,0
14398,2010-06-30,2010-11-03,400,2,267,707.79,1
14399,2010-02-03,2010-11-10,393,8,965,2108.21,1
14400,2010-03-18,2011-07-13,148,4,2160,2307.17,1
14401,2009-12-14,2011-12-05,3,35,10908,10847.38,0
14402,2010-02-25,2010-02-25,651,1,240,285.6,1
14403,2010-03-10,2011-08-01,129,10,1256,3356.32,1
14404,2009-12-20,2011-11-06,33,19,2404,4173.45,0
14405,2010-11-18,2010-11-18,386,1,100,195.0,1
14406,2011-08-12,2011-08-12,118,2,154,313.5,1
14407,2011-03-08,2011-08-24,106,12,2830,4315.46,1
14408,2009-12-07,2011-11-29,10,18,4048,6701.3,0
14409,2010-05-21,2011-09-29,70,15,3463,5486.74,0
14410,2010-09-28,2011-09-08,91,20,1936,3732.17,1
14411,2011-02-02,2011-02-02,310,2,392,2126.0,1
14412,2010-10-11,2011-10-28,42,5,2214,2196.22,0
14413,2010-01-19,2010-12-12,361,5,344,885.57,1
14414,2010-11-30,2011-09-09,91,15,5389,3896.31,1
14415,2009-12-16,2011-12-08,0,36,9259,17835.66,0
14416,2011-10-28,2011-11-17,21,4,652,980.44,0
14417,2010-11-17,2010-11-17,387,1,543,524.65,1
14418,2011-08-23,2011-12-06,3,6,3422,3874.5,0
14419,2010-11-22,2011-11-29,10,13,1035,2306.43,0
14420,2010-01-17,2011-09-01,98,5,1454,2026.69,1
14421,2010-01-17,2011-10-13,56,8,1707,3282.48,0
14422,2009-12-17,2011-12-09,0,25,8973,14535.16,0
14423,2010-01-14,2011-05-05,217,4,539,1181.81,1
14424,2011-11-22,2011-11-22,17,2,96,644.16,0
14425,2009-12-02,2010-10-01,434,3,325,661.39,1
14426,2010-03-04,2011-11-16,23,27,9722,16209.61,0
14427,2010-03-18,2011-10-20,49,6,766,1626.86,0
14428,2011-01-18,2011-12-02,6,10,856,2448.12,0
14429,2010-11-01,2010-11-01,403,1,286,516.28,1
14430,2010-04-11,2010-07-16,511,3,446,1220.9,1
14431,2010-01-21,2011-02-10,302,5,1332,3084.56,1
14432,2011-09-11,2011-11-30,9,12,4026,4497.0,0
14433,2010-08-31,2010-08-31,465,1,131,280.7,1
14434,2011-09-28,2011-11-18,21,12,736,2745.6,0
14435,2010-07-26,2010-07-26,501,1,282,90.42,1
14436,2010-06-04,2011-09-02,98,3,426,360.76,1
14437,2010-05-05,2010-12-09,365,6,480,936.34,1
14438,2011-02-06,2011-02-06,305,2,164,263.8,1
14439,2010-01-21,2011-01-24,319,6,2770,12104.28,1
14440,2009-12-02,2011-12-01,7,18,2193,8339.71,0
14441,2010-01-18,2011-12-09,0,15,1706,6324.58,0
14442,2010-01-18,2011-05-19,204,9,1913,6956.84,1
14443,2010-11-25,2011-10-17,53,9,2295,3503.17,0
14444,2010-09-09,2010-09-09,455,1,172,120.44,1
14445,2010-09-10,2010-09-10,455,1,83,221.65,1
14446,2010-11-18,2011-12-09,0,9,2007,2210.63,0
14447,2010-11-04,2011-11-21,18,11,1484,2874.96,0
14448,2010-12-10,2011-11-30,8,4,208,750.7,0
14449,2010-09-29,2011-11-21,18,12,2345,3116.76,0
14450,2010-04-08,2011-06-12,180,10,763,1611.69,1
14451,2010-01-17,2011-10-10,59,14,2115,3902.58,0
14452,2010-07-06,2011-11-29,10,6,401,918.0,0
14453,2011-06-02,2011-06-02,189,2,98,239.86,1
14454,2009-12-06,2010-11-28,375,5,400,977.3,1
14455,2010-08-01,2010-10-03,431,4,706,617.72,1
14456,2011-07-20,2011-12-04,4,18,5770,6034.56,0
14457,2011-02-02,2011-02-02,310,2,176,227.28,1
14458,2010-11-24,2010-11-24,380,1,317,228.07,1
14459,2010-02-26,2011-07-07,154,3,3063,7213.66,1
14460,2009-12-15,2011-08-21,109,12,2760,1527.84,1
14461,2010-01-18,2011-07-14,147,16,3771,8779.97,1
14462,2010-10-03,2011-10-04,65,23,2019,4223.38,0
14463,2010-07-28,2011-09-02,97,7,389,1316.19,1
14464,2010-03-22,2010-05-20,567,2,62,111.0,1
14465,2010-01-07,2011-04-07,246,14,2937,4964.29,1
14466,2009-12-13,2011-11-10,28,20,3513,6539.55,0
14467,2009-12-02,2011-11-22,17,16,1463,2799.5,0
14468,2009-12-06,2009-12-06,733,1,164,204.24,1
14469,2010-01-29,2010-10-19,415,4,973,2093.46,1
14470,2010-10-05,2011-11-28,11,5,475,1173.23,0
14471,2009-12-07,2010-04-27,590,2,187,400.95,1
14472,2010-01-19,2011-08-28,103,17,2406,3971.39,1
14473,2011-03-02,2011-09-26,73,4,176,468.68,0
14474,2010-05-09,2011-10-24,45,3,588,1806.55,0
14475,2010-10-27,2011-09-29,71,7,988,2077.0,0
14476,2011-03-27,2011-03-27,256,2,220,386.0,1
14477,2010-01-04,2011-11-20,19,11,1840,3279.2,0
14478,2009-12-01,2010-11-22,381,4,1226,1276.66,1
14479,2009-12-06,2011-03-31,253,6,679,1440.96,1
14480,2009-12-21,2011-11-28,10,5,813,1578.57,0
14481,2010-01-31,2011-06-28,164,7,2057,2921.2,1
14482,2010-08-26,2011-11-21,17,18,4496,6329.53,0
14483,2009-12-03,2011-03-03,281,3,290,394.2,1
14484,2009-12-17,2011-10-20,49,5,954,1392.9,0
14485,2011-11-01,2011-11-01,38,2,140,325.6,0
14486,2010-06-04,2010-07-16,511,2,90,175.5,1
14487,2010-11-25,2011-11-13,26,13,1473,2431.75,0
14488,2011-10-03,2011-10-03,67,2,1598,2128.56,0
14489,2010-04-06,2011-05-16,206,5,1310,2038.31,1
14490,2010-10-07,2010-10-29,405,2,933,1273.47,1
14491,2010-12-02,2011-06-17,174,4,278,681.86,1
14492,2010-03-30,2010-10-05,429,7,751,1921.91,1
14493,2010-03-08,2011-12-02,6,15,4433,7471.1,0
14494,2009-12-08,2011-11-14,25,4,302,541.02,0
14495,2010-02-18,2011-10-20,50,5,130,298.6,0
14496,2010-03-16,2011-02-01,311,9,1064,2902.7,1
14497,2010-02-04,2011-02-03,308,3,567,1172.43,1
14498,2010-06-07,2011-10-28,42,15,3218,5858.15,0
14499,2010-08-27,2011-11-13,25,10,1727,2910.23,0
14500,2011-06-03,2011-09-12,87,6,234,713.7,0
14501,2011-01-24,2011-06-09,183,4,322,502.42,1
14502,2011-01-30,2011-11-20,19,22,2960,4859.66,0
14503,2011-06-14,2011-12-06,2,12,4008,7086.52,0
14504,2011-03-06,2011-10-23,46,8,616,1346.52,0
14505,2009-12-09,2011-11-22,16,27,8064,17738.51,0
14506,2010-04-19,2011-11-22,16,12,1640,4920.9,0
14507,2009-12-10,2011-11-16,23,17,2085,4584.62,0
14508,2010-06-17,2011-11-17,21,7,476,1090.97,0
14509,2010-06-23,2010-06-23,533,1,38,110.95,1
14510,2010-09-29,2010-11-29,375,3,793,979.85,1
14511,2011-07-29,2011-11-28,10,10,1568,2629.62,0
14512,2009-12-07,2011-06-05,187,9,858,1491.25,1
14513,2010-05-20,2011-08-31,100,9,954,1243.6,1
14514,2009-12-13,2011-10-09,60,12,2926,5370.24,0
14515,2010-06-07,2011-11-22,17,18,3003,5800.95,0
14516,2010-07-11,2010-07-11,515,1,63,151.17,1
14517,2011-07-21,2011-11-06,32,4,182,660.9,0
14518,2011-10-06,2011-10-06,63,2,556,348.74,0
14519,2009-12-11,2010-01-25,683,2,81,203.14,1
14520,2011-02-22,2011-12-08,1,4,292,541.2,0
14521,2010-08-05,2010-08-05,490,1,211,199.45,1
14522,2010-01-24,2011-11-15,23,12,1481,2722.96,0
14523,2011-08-23,2011-08-23,107,2,502,482.18,1
14524,2010-10-19,2011-11-08,31,22,1838,4753.69,0
14525,2009-12-13,2011-11-20,19,26,7743,12242.44,0
14526,2010-11-15,2010-11-15,388,1,178,258.65,1
14527,2009-12-02,2011-12-07,2,177,8735,35754.01,0
14528,2011-11-02,2011-11-02,36,2,556,728.44,0
14529,2011-08-21,2011-10-10,59,6,650,1157.22,0
14530,2010-01-21,2011-11-14,25,22,4384,8950.98,0
14531,2010-08-17,2010-08-17,479,1,260,376.34,1
14532,2010-01-10,2011-04-17,235,15,1395,4778.63,1
14533,2010-04-08,2011-11-15,24,18,10057,5416.09,0
14534,2010-03-15,2011-12-07,2,44,4849,10584.96,0
14535,2010-02-24,2011-10-10,59,12,5038,8828.07,0
14536,2011-03-25,2011-03-25,259,2,78,341.9,1
14537,2010-03-26,2011-10-13,57,3,348,996.96,0
14538,2010-01-25,2011-10-06,64,7,439,1759.09,0
14539,2011-10-26,2011-11-24,15,4,856,1074.96,0
14540,2009-12-07,2011-11-30,9,14,2006,4662.3,0
14541,2010-01-07,2011-10-12,58,22,1764,3944.73,0
14542,2011-06-07,2011-06-07,185,2,38,206.5,1
14543,2009-12-01,2011-11-11,28,55,3314,18187.6,0
14544,2010-08-26,2011-11-15,23,5,3948,4942.83,0
14545,2010-02-03,2010-02-03,673,1,236,349.25,1
14546,2009-12-06,2011-12-04,4,16,4001,7758.77,0
14547,2011-10-16,2011-12-06,3,16,5278,7949.5,0
14548,2009-12-06,2011-07-12,150,11,1242,3194.09,1
14549,2009-12-02,2011-02-01,310,5,530,1202.84,1
14550,2010-08-13,2011-11-29,10,6,1160,2102.43,0
14551,2010-01-27,2011-11-21,17,9,592,1064.32,0
14552,2010-04-26,2011-07-11,151,4,348,672.15,1
14553,2010-07-18,2011-11-20,18,14,1611,2677.87,0
14554,2011-10-18,2011-11-29,9,8,2886,4558.98,0
14555,2009-12-18,2011-10-13,56,8,964,2616.57,0
14556,2010-01-20,2010-04-22,595,3,323,815.69,1
14557,2011-09-15,2011-09-15,84,2,1020,1576.76,0
14558,2009-12-08,2010-02-23,653,3,162,655.5,1
14559,2010-11-14,2010-11-14,389,1,72,75.6,1
14560,2009-12-02,2011-12-02,6,66,5840,8351.8,0
14561,2011-06-08,2011-09-25,75,6,2028,2161.52,0
14562,2010-02-07,2011-12-06,3,44,4389,11644.92,0
14563,2010-04-26,2010-07-18,509,2,279,640.54,1
14564,2009-12-04,2010-10-01,434,2,1295,2605.62,1
14565,2010-08-23,2011-09-05,95,9,3480,6958.34,1
14566,2010-06-24,2011-08-21,110,5,3200,5524.0,1
14567,2011-08-01,2011-10-14,56,4,824,3060.72,0
14568,2010-09-30,2010-09-30,434,1,645,919.7,1
14569,2010-04-15,2011-12-08,0,5,336,824.72,0
14570,2010-09-22,2011-03-04,280,5,526,831.81,1
14571,2010-10-10,2010-10-10,424,1,56,160.0,1
14572,2010-03-28,2011-12-06,2,18,4298,8331.42,0
14573,2010-01-08,2011-06-13,179,22,1217,3802.94,1
14574,2009-12-07,2009-12-07,732,1,63,143.7,1
14575,2010-08-08,2010-08-08,487,1,163,420.22,1
14576,2010-12-02,2010-12-02,371,2,24,70.8,1
14577,2009-12-11,2011-11-27,12,11,922,2223.86,0
14578,2011-12-06,2011-12-06,2,2,480,337.26,0
14579,2010-10-03,2010-10-03,431,1,56,105.56,1
14580,2010-07-09,2010-07-09,517,1,3,14.85,1
14581,2010-06-13,2011-11-23,16,3,521,548.25,0
14582,2011-10-30,2011-10-30,40,2,146,228.22,0
14583,2010-03-28,2011-12-04,5,13,1822,2647.25,0
14584,2010-02-17,2011-06-23,168,12,1341,2771.22,1
14585,2010-10-19,2011-10-20,49,6,721,1300.32,0
14586,2011-03-08,2011-03-08,276,2,888,474.72,1
14587,2011-01-12,2011-11-21,18,18,1498,3160.58,0
14588,2010-05-10,2010-05-10,577,1,62,135.39,1
14589,2010-12-03,2010-12-03,371,2,10,79.5,1
14590,2009-12-07,2010-10-11,424,20,901,2993.37,1
14591,2011-05-10,2011-11-24,14,8,2456,2640.42,0
14592,2011-10-06,2011-11-04,34,6,814,1115.88,0
14593,2009-12-09,2011-11-18,21,15,2178,4282.68,0
14594,2010-12-01,2011-12-02,6,4,366,726.66,0
14595,2010-01-20,2011-11-20,19,14,2206,3905.05,0
14596,2010-03-23,2010-03-23,626,1,75,222.22,1
14597,2010-09-28,2011-11-28,10,8,2002,3050.87,0
14598,2010-05-19,2011-10-26,43,3,543,606.01,0
14599,2010-07-18,2010-11-14,389,2,292,457.89,1
14600,2010-11-11,2011-02-07,305,3,612,1258.5,1
14601,2011-11-29,2011-11-29,10,2,336,427.92,0
14602,2010-02-21,2010-02-21,655,1,80,205.36,1
14603,2011-03-10,2011-03-10,274,2,800,1320.0,1
14604,2010-03-16,2010-03-16,632,1,88,143.86,1
14605,2009-12-08,2010-11-30,373,4,416,921.56,1
14606,2009-12-03,2011-12-08,0,285,21404,42027.52,0
14607,2009-12-15,2011-11-24,15,36,26861,39972.63,0
14608,2009-12-06,2011-12-05,3,15,1364,5138.09,0
14609,2010-02-09,2011-09-28,71,14,19746,2087.76,0
14610,2010-07-13,2010-11-09,395,2,15,24.35,1
14611,2010-04-20,2010-09-22,443,2,582,604.33,1
14612,2010-10-20,2010-10-20,414,1,134,877.7,1
14613,2010-01-28,2010-01-28,679,1,72,76.32,1
14614,2010-11-18,2010-11-18,385,1,189,295.13,1
14615,2010-06-09,2010-11-10,393,5,495,951.76,1
14616,2010-06-09,2011-04-11,242,8,274,933.86,1
14617,2010-10-20,2010-11-02,402,2,81,190.47,1
14618,2010-06-11,2011-11-30,8,10,968,1895.76,0
14619,2010-06-16,2011-04-08,245,3,746,1685.68,1
14620,2011-03-01,2011-05-18,205,4,428,825.56,1
14621,2010-01-25,2011-12-08,0,14,2699,4788.93,0
14622,2011-06-08,2011-06-08,184,2,292,641.16,1
14623,2010-04-16,2011-11-07,31,15,1443,2903.68,0
14624,2010-04-14,2011-10-13,56,8,807,1039.92,0
14625,2009-12-16,2011-05-27,195,13,2490,5397.51,1
14626,2009-12-10,2011-11-16,23,15,4538,8202.19,0
14627,2010-11-25,2010-11-25,378,1,284,462.75,1
14628,2010-01-25,2011-09-09,90,7,1419,2669.96,1
14629,2011-10-23,2011-12-05,3,4,756,1910.52,0
14630,2010-08-12,2010-08-12,483,1,111,338.65,1
14631,2010-08-09,2011-10-20,50,9,2029,3032.67,0
14632,2011-03-22,2011-03-22,262,2,192,229.12,1
14633,2011-03-18,2011-03-18,265,2,192,689.8,1
14634,2010-06-16,2010-09-28,437,4,1906,2124.46,1
14635,2010-09-12,2010-09-12,453,1,118,215.22,1
14636,2011-03-16,2011-11-03,35,4,482,1219.7,0
14637,2010-01-31,2010-01-31,676,1,100,106.68,1
14638,2011-10-20,2011-10-20,50,2,332,887.2,0
14639,2010-02-16,2011-10-18,51,15,3841,7963.45,0
14640,2010-01-22,2011-11-15,23,16,2525,5756.74,0
14641,2011-11-18,2011-11-18,21,2,180,220.92,0
14642,2011-10-12,2011-10-12,58,2,152,192.24,0
14643,2009-12-11,2011-06-22,169,7,2192,2373.7,1
14644,2009-12-03,2011-10-03,67,9,1028,3078.48,0
14645,2010-03-15,2011-07-06,156,5,968,1473.98,1
14646,2009-12-02,2011-12-08,1,224,564108,808808.54,0
14647,2010-07-04,2011-05-22,200,3,266,742.08,1
14648,2009-12-10,2010-10-19,415,15,3265,4466.65,1
14649,2010-01-20,2011-12-05,4,13,3419,5053.78,0
14650,2010-04-29,2010-04-29,588,1,22,62.5,1
14651,2010-03-18,2011-10-03,66,11,1223,2679.27,0
14652,2011-09-23,2011-09-23,76,2,106,228.36,0
14653,2009-12-02,2011-12-08,0,19,2914,5519.71,0
14654,2009-12-01,2009-12-01,737,1,273,246.86,1
14655,2010-04-22,2011-12-01,7,11,3430,5810.74,0
14656,2010-04-15,2011-06-23,168,7,429,1081.05,1
14657,2010-09-30,2011-11-22,17,10,1345,2298.41,0
14658,2011-08-14,2011-12-04,4,4,94,494.3,0
14659,2011-01-28,2011-12-01,8,18,2390,5059.86,0
14660,2011-08-31,2011-09-14,86,4,456,571.48,0
14661,2011-11-13,2011-11-13,26,2,70,215.9,0
14662,2009-12-03,2011-11-11,28,11,1485,2117.8,0
14663,2010-10-05,2010-10-05,429,2,397,490.6,1
14664,2011-11-06,2011-11-20,19,4,930,1272.48,0
14665,2010-04-26,2011-10-10,60,12,1884,4585.35,0
14666,2011-11-15,2011-11-15,23,2,322,390.5,0
14667,2009-12-02,2011-11-29,10,79,17258,29570.38,0
14668,2010-09-20,2010-09-20,444,1,49,111.63,1
14669,2009-12-02,2011-04-12,241,10,2813,4476.02,1
14670,2009-12-07,2011-03-04,279,5,749,976.19,1
14671,2010-05-20,2010-06-08,548,2,571,1127.45,1
14672,2010-01-28,2011-04-19,234,6,1100,1878.69,1
14673,2010-10-26,2011-12-06,2,12,2826,4773.72,0
14674,2010-07-18,2010-07-18,508,1,103,173.66,1
14675,2010-11-16,2011-11-23,15,3,996,1611.94,0
14676,2010-03-10,2011-11-08,30,18,11292,10905.03,0
14677,2010-04-26,2010-04-26,592,1,139,184.91,1
14678,2010-05-09,2010-05-09,578,1,179,403.39,1
14679,2009-12-08,2010-11-23,381,3,794,1289.44,1
14680,2009-12-04,2011-11-14,24,74,40370,84442.61,0
14681,2010-02-24,2011-09-29,70,9,248,1374.1,0
14682,2010-02-05,2011-06-05,187,8,1029,1566.81,1
14683,2010-04-30,2010-04-30,587,1,386,146.56,1
14684,2010-11-14,2011-11-14,25,11,1826,2631.54,0
14685,2009-12-13,2010-05-12,575,8,1969,4536.64,1
14686,2010-02-18,2010-10-21,413,5,457,852.53,1
14687,2010-06-06,2011-08-25,106,4,1320,2030.44,1
14688,2010-09-09,2011-12-02,7,49,8625,12769.52,0
14689,2011-05-15,2011-05-15,208,2,152,225.6,1
14690,2010-10-25,2011-10-26,43,6,508,1132.73,0
14691,2011-05-11,2011-11-09,30,10,1414,4228.66,0
14692,2010-04-01,2011-07-25,136,16,1155,2306.69,1
14693,2010-07-02,2011-03-20,264,8,422,1338.26,1
14694,2010-04-01,2010-04-01,616,1,193,244.31,1
14695,2009-12-07,2010-07-08,518,3,661,1534.22,1
14696,2010-10-14,2011-12-05,3,15,3497,4552.23,0
14697,2011-05-05,2011-05-05,217,4,362,377.22,1
14698,2011-10-19,2011-12-08,1,10,1204,2434.54,0
14699,2010-07-02,2011-05-09,213,5,561,811.73,1
14700,2010-08-11,2011-11-07,31,8,2920,5271.16,0
14701,2010-01-24,2011-11-29,10,24,2665,7013.2,0
14702,2009-12-10,2011-12-08,0,46,4317,9620.57,0
14703,2011-11-25,2011-11-25,14,2,366,636.34,0
14704,2010-03-25,2011-11-28,10,20,2207,3246.88,0
14705,2011-05-25,2011-05-25,198,2,200,358.0,1
14706,2010-03-31,2010-03-31,618,1,246,367.54,1
14707,2010-05-12,2010-09-30,435,2,96,139.2,1
14708,2010-09-10,2011-12-07,2,8,1780,2919.59,0
14709,2009-12-05,2011-11-24,14,38,6625,13807.37,0
14710,2009-12-03,2011-11-25,13,17,1510,2499.27,0
14711,2011-03-22,2011-11-29,9,22,1932,5679.24,0
14712,2010-10-17,2011-11-10,28,7,726,2245.14,0
14713,2009-12-03,2011-11-30,8,32,4942,7777.96,0
14714,2010-01-21,2011-11-15,23,5,871,1066.43,0
14715,2010-01-19,2011-11-15,24,12,1551,2692.83,0
14716,2010-09-21,2011-10-27,42,5,1138,850.79,0
14717,2009-12-06,2009-12-06,732,1,32,81.3,1
14718,2010-10-25,2010-10-25,409,1,202,226.42,1
14719,2011-04-04,2011-12-08,1,10,2050,3163.68,0
14720,2011-08-05,2011-12-04,5,6,438,1327.62,0
14721,2010-11-25,2010-11-25,378,1,57,109.07,1
14722,2010-08-10,2011-07-15,146,4,332,669.94,1
14723,2009-12-04,2011-11-29,9,17,1841,2925.42,0
14724,2010-04-28,2010-04-28,589,1,184,341.9,1
14725,2010-06-23,2011-11-15,24,5,1923,1908.32,0
14726,2010-02-23,2010-02-23,654,1,82,116.5,1
14727,2010-06-11,2011-03-10,273,4,520,732.31,1
14728,2010-10-22,2010-10-22,412,1,68,190.58,1
14729,2010-03-24,2010-12-01,373,4,569,899.73,1
14730,2011-03-08,2011-12-08,0,16,2156,3795.14,0
14731,2011-05-11,2011-10-23,46,6,512,760.04,0
14732,2009-12-09,2011-12-01,7,27,3678,8219.56,0
14733,2010-11-02,2011-11-23,15,27,9563,23921.06,0
14734,2010-06-06,2010-10-10,425,4,378,1056.42,1
14735,2009-12-04,2011-12-06,3,88,6777,18305.85,0
14736,2010-08-11,2010-08-11,484,2,148,374.05,1
14737,2010-11-04,2011-12-06,3,7,1416,4718.72,0
14738,2009-12-07,2011-10-28,42,16,1358,3136.35,0
14739,2009-12-02,2011-12-05,3,32,13516,15475.9,0
14740,2010-02-25,2011-05-26,196,14,2816,5609.27,1
14741,2010-10-18,2011-11-28,11,13,1847,3113.43,0
14742,2010-09-30,2010-09-30,434,1,374,579.85,1
14743,2010-04-26,2010-04-26,592,1,40,50.48,1
14744,2010-05-18,2011-11-23,15,21,3026,4760.06,0
14745,2010-03-12,2011-08-19,112,17,3007,3771.67,1
14746,2010-10-12,2010-10-29,405,4,398,593.5,1
14747,2011-04-04,2011-04-04,248,2,168,656.4,1
14748,2010-03-04,2011-11-10,28,15,3645,4097.65,0
14749,2010-08-17,2010-08-17,479,1,403,310.15,1
14750,2009-12-03,2009-12-03,735,1,65,112.03,1
14751,2009-12-13,2010-01-24,683,2,65,126.45,1
14752,2011-10-27,2011-10-27,43,2,520,779.28,0
14753,2010-09-05,2011-09-13,86,3,623,1432.66,0
14754,2010-01-18,2011-10-26,44,8,1496,2185.98,0
14755,2009-12-03,2011-11-30,9,36,6620,14982.83,0
14756,2010-10-11,2011-11-24,14,4,1839,3392.72,0
14757,2011-09-25,2011-09-25,74,2,320,841.0,0
14758,2010-04-08,2011-07-18,144,11,1259,4349.03,1
14759,2011-04-21,2011-12-05,4,6,1138,3251.94,0
14760,2011-02-15,2011-02-15,296,2,80,178.4,1
14761,2010-09-21,2011-10-12,58,5,324,703.82,0
14762,2010-03-23,2011-03-21,263,3,769,718.09,1
14764,2011-10-24,2011-10-24,46,2,380,556.6,0
14765,2011-06-16,2011-11-10,28,6,270,508.22,0
14766,2010-06-06,2011-12-01,7,17,5348,8849.1,0
14767,2010-08-22,2010-08-22,473,1,117,382.81,1
14768,2011-08-04,2011-11-22,16,4,104,385.2,0
14769,2009-12-16,2011-12-07,2,25,18297,25931.09,0
14770,2010-02-25,2011-04-21,231,10,2088,4514.06,1
14771,2009-12-03,2010-03-28,620,2,622,594.62,1
14772,2011-08-19,2011-08-19,111,2,164,278.52,1
14773,2010-04-26,2010-04-26,592,1,53,140.55,1
14774,2010-06-29,2010-06-29,528,1,99,241.45,1
14775,2010-12-02,2011-10-12,57,6,2348,2023.8,0
14776,2010-09-19,2011-10-19,50,26,7792,6246.6,0
14777,2010-11-01,2010-11-01,403,1,212,307.56,1
14778,2011-02-04,2011-08-04,126,4,612,1461.72,1
14779,2011-01-20,2011-03-04,280,6,168,772.3,1
14780,2011-09-21,2011-10-16,54,4,620,895.36,0
14782,2011-01-24,2011-01-24,319,2,228,400.2,1
14783,2010-02-18,2010-02-18,658,1,262,307.3,1
14784,2010-11-15,2011-11-13,25,5,600,739.92,0
14785,2011-11-24,2011-11-29,9,4,168,154.8,0
14786,2010-06-07,2010-06-07,549,1,112,90.96,1
14787,2010-08-25,2010-08-25,470,1,59,110.65,1
14788,2010-04-22,2011-12-02,6,5,1140,1835.76,0
14789,2011-11-11,2011-11-11,28,2,232,395.28,0
14790,2009-12-11,2011-11-23,16,14,3341,3271.68,0
14791,2010-04-12,2010-04-12,606,1,127,303.63,1
14792,2011-10-07,2011-10-07,63,2,4,12.4,0
14793,2010-06-22,2011-11-18,20,3,452,854.89,0
14794,2010-08-09,2011-12-07,2,17,1456,3273.81,0
14795,2011-06-26,2011-06-26,165,2,34,262.9,1
14796,2009-12-14,2011-12-08,0,44,13183,18144.82,0
14797,2010-07-20,2010-07-20,506,1,99,300.31,1
14798,2010-03-01,2011-10-18,52,11,751,898.05,0
14799,2009-12-02,2011-10-19,50,3,641,495.85,0
14800,2010-09-30,2011-10-23,47,29,10145,11523.12,0
14801,2011-10-09,2011-10-09,60,2,346,378.68,0
14802,2010-09-27,2010-09-27,437,2,2,1502.98,1
14803,2011-02-20,2011-06-30,161,6,740,1691.1,1
14804,2011-12-01,2011-12-01,8,2,242,706.54,0
14805,2010-03-28,2011-11-24,14,11,530,1628.95,0
14806,2010-09-26,2011-09-25,74,3,753,496.82,0
14807,2010-02-28,2010-11-14,390,2,234,504.14,1
14808,2011-06-20,2011-10-31,39,16,4240,5437.2,0
14809,2010-03-28,2010-03-28,620,2,232,686.76,1
14810,2010-10-06,2011-10-30,40,24,2177,4439.36,0
14811,2010-11-17,2010-11-17,386,1,74,170.5,1
14812,2010-04-20,2010-04-20,598,1,135,178.85,1
14813,2010-04-08,2010-12-05,369,6,458,1041.79,1
14814,2010-05-07,2010-05-07,580,1,93,154.21,1
14815,2011-10-03,2011-11-03,36,4,1488,1557.0,0
14816,2011-05-26,2011-05-26,196,2,10,543.7,1
14817,2010-03-22,2011-05-23,199,9,3117,5070.2,1
14818,2010-03-02,2011-09-27,73,9,867,1811.36,0
14819,2009-12-21,2011-10-06,63,6,279,728.48,0
14820,2010-01-31,2011-11-18,20,13,977,1782.05,0
14821,2010-02-01,2010-12-08,366,8,479,1278.95,1
14822,2010-08-11,2010-08-11,484,1,94,157.7,1
14823,2011-05-29,2011-06-12,179,6,176,642.86,1
14824,2010-03-12,2011-11-29,9,14,2479,5150.62,0
14825,2010-04-06,2011-12-06,3,36,3763,6956.09,0
14826,2010-01-13,2010-05-07,581,2,152,385.2,1
14828,2009-12-07,2011-05-27,196,16,11890,11979.22,1
14829,2010-09-29,2011-11-10,28,11,1409,2153.42,0
14830,2011-10-17,2011-10-17,52,2,328,377.76,0
14831,2009-12-02,2010-01-28,679,3,885,1676.57,1
14832,2010-03-19,2010-03-19,629,1,1,322.69,1
14833,2010-07-29,2010-07-29,498,1,58,94.8,1
14834,2010-10-28,2011-11-22,17,13,1606,3926.46,0
14835,2010-04-01,2010-06-29,528,2,180,297.0,1
14836,2011-11-09,2011-11-29,9,6,90,204.9,0
14837,2010-01-24,2011-09-11,89,13,4466,5109.82,0
14838,2009-12-03,2010-10-12,422,2,361,769.92,1
14839,2010-01-04,2010-10-17,417,3,927,915.28,1
14840,2010-06-18,2011-03-17,267,3,210,425.56,1
14841,2009-12-02,2011-10-17,52,20,5942,10458.76,0
14842,2011-02-04,2011-10-27,43,8,2332,5649.38,0
14843,2010-09-29,2010-09-29,436,1,132,211.8,1
14844,2010-04-12,2011-10-07,63,14,6202,9892.24,0
14845,2010-04-19,2010-04-19,599,1,600,150.0,1
14846,2010-10-08,2010-10-08,426,1,193,437.4,1
14847,2010-05-24,2011-07-14,148,4,653,1658.35,1
14848,2010-10-31,2010-10-31,404,1,260,310.56,1
14849,2010-01-10,2011-11-18,21,68,17532,23338.15,0
14850,2010-05-20,2011-02-01,311,8,1686,2096.71,1
14851,2010-03-19,2011-11-16,22,5,956,1340.76,0
14852,2010-03-05,2011-10-12,57,24,6113,8969.12,0
14853,2010-04-13,2011-11-15,23,7,427,1852.67,0
14854,2010-01-22,2011-09-22,77,18,4807,7043.09,0
14855,2010-04-08,2011-08-12,118,9,3777,7165.95,1
14856,2011-10-14,2011-11-03,35,6,1422,2581.06,0
14857,2010-03-15,2011-10-11,59,9,2545,4824.97,0
14858,2010-07-22,2010-07-22,505,1,105,180.75,1
14859,2010-06-03,2011-11-27,12,9,1559,3059.38,0
14860,2011-11-20,2011-11-20,18,2,464,340.64,0
14861,2009-12-08,2011-10-18,51,11,1193,1506.52,0
14862,2011-07-14,2011-11-14,25,4,1544,1682.4,0
14863,2011-11-10,2011-11-10,28,2,264,533.52,0
14865,2009-12-01,2011-12-02,6,6,312,144.72,0
14866,2010-08-26,2011-11-29,10,31,15841,35136.44,0
14867,2009-12-05,2011-06-07,185,19,1324,3662.34,1
14868,2010-10-15,2011-12-06,2,20,3635,7137.6,0
14869,2009-12-16,2011-12-01,8,8,2679,3499.59,0
14870,2010-01-25,2011-03-23,261,7,602,2166.2,1
14871,2009-12-01,2011-12-06,2,13,625,1729.45,0
14872,2010-03-16,2010-08-13,483,3,662,816.6,1
14873,2010-03-16,2011-05-13,209,3,479,1373.81,1
14874,2010-06-22,2010-06-22,534,1,148,116.18,1
14875,2010-09-24,2011-08-24,107,5,1890,4327.72,1
14876,2010-05-27,2010-07-06,520,2,162,256.7,1
14877,2010-03-07,2010-10-17,417,2,168,425.85,1
14878,2010-02-21,2011-11-27,12,34,3215,5552.59,0
14879,2010-01-24,2010-01-24,684,1,104,185.06,1
14880,2011-02-24,2011-09-23,76,6,730,1381.18,0
14881,2011-11-20,2011-11-20,19,2,632,510.8,0
14882,2010-03-30,2011-11-13,26,16,1772,4136.35,0
14883,2011-05-12,2011-11-21,18,12,1580,1523.18,0
14884,2010-02-08,2010-02-08,668,1,72,120.6,1
14885,2010-08-31,2011-07-31,131,4,2032,2363.44,1
14886,2011-04-01,2011-04-01,252,2,320,729.6,1
14887,2011-09-21,2011-09-21,78,2,2200,3724.0,0
14888,2011-05-16,2011-05-16,206,2,368,738.4,1
14889,2011-01-07,2011-01-07,335,2,180,271.8,1
14890,2010-02-18,2011-03-31,253,4,687,942.9,1
14891,2010-09-29,2011-07-14,147,6,1293,1661.11,1
14892,2010-01-18,2010-01-18,690,1,79,202.35,1
14893,2010-04-01,2011-11-30,9,5,1846,3047.46,0
14894,2009-12-02,2011-09-15,84,4,868,2148.56,0
14895,2009-12-10,2011-12-02,7,58,15565,36258.25,0
14896,2009-12-06,2011-05-19,204,10,1210,2294.77,1
14897,2009-12-15,2011-12-02,7,12,1630,4506.92,0
14898,2009-12-03,2011-11-16,22,20,3208,4635.26,0
14899,2010-11-09,2010-11-09,394,1,570,1331.38,1
14900,2010-07-05,2010-07-05,521,1,48,13.92,1
14901,2010-07-29,2011-11-28,10,21,1541,3340.29,0
14902,2010-06-04,2011-11-14,25,4,934,1368.28,0
14903,2011-03-06,2011-11-18,20,10,3062,5590.66,0
14904,2010-10-08,2011-12-07,1,6,4507,2655.93,0
14905,2009-12-03,2011-07-05,157,10,1296,2587.54,1
14906,2010-09-20,2010-09-20,444,1,1,68.44,1
14907,2010-04-16,2011-12-06,2,23,4274,9048.82,0
14908,2010-09-02,2011-09-26,73,3,314,659.7,0
14909,2010-02-14,2010-09-28,436,3,888,1404.68,1
14910,2011-10-16,2011-12-07,2,8,476,868.7,0
14911,2009-12-01,2011-12-08,0,599,228212,435131.98,0
14912,2010-01-26,2011-11-23,16,8,2790,2757.1,0
14913,2010-08-11,2011-11-04,35,12,5698,5300.56,0
14915,2009-12-03,2011-09-09,90,13,819,2118.73,1
14916,2010-04-01,2011-09-30,70,12,3551,4311.93,0
14917,2010-04-22,2010-04-22,596,2,891,1123.75,1
14918,2010-04-08,2011-08-16,115,11,3226,7565.96,1
14919,2010-06-18,2010-06-18,538,1,129,359.35,1
14920,2010-05-23,2011-05-11,212,5,1395,2584.94,1
14921,2011-05-22,2011-11-09,29,4,1906,2632.14,0
14922,2010-07-20,2010-11-11,393,2,376,843.74,1
14923,2011-10-20,2011-10-20,50,2,836,1498.2,0
14924,2010-03-10,2011-04-08,245,4,376,1241.06,1
14926,2010-04-20,2010-11-23,381,2,204,359.4,1
14927,2010-11-08,2010-11-08,396,1,196,308.2,1
14928,2010-03-22,2010-03-22,627,1,268,223.91,1
14929,2010-10-14,2011-11-07,31,3,623,1060.57,0
14930,2010-04-12,2011-08-23,108,9,3353,7599.69,1
14931,2011-04-13,2011-12-05,4,10,834,2515.36,0
14932,2010-11-19,2010-12-09,365,3,337,1029.66,1
14933,2010-09-21,2010-09-22,443,4,600,1770.0,1
14934,2010-09-24,2011-09-19,81,7,3142,5394.44,0
14935,2010-03-30,2011-02-15,296,3,2866,4634.54,1
14936,2010-05-05,2011-11-06,33,20,10359,20547.83,0
14937,2011-08-01,2011-10-14,56,6,968,3243.76,0
14938,2010-05-26,2010-05-26,561,2,1369,2322.43,1
14940,2009-12-06,2010-10-18,417,2,384,531.49,1
14941,2010-05-10,2010-05-10,578,1,80,182.1,1
14942,2009-12-10,2010-11-03,401,4,354,746.56,1
14943,2010-02-14,2010-02-14,662,1,46,107.62,1
14944,2010-02-17,2011-11-10,29,31,7679,15684.92,0
14945,2010-10-22,2010-10-22,413,1,156,179.4,1
14946,2011-11-25,2011-11-25,13,2,44,201.8,0
14947,2010-03-25,2011-09-28,71,8,595,1340.61,0
14948,2011-05-04,2011-11-16,22,12,1346,2203.94,0
14949,2009-12-18,2010-08-27,468,4,250,515.0,1
14950,2011-11-20,2011-11-20,18,2,272,742.4,0
14951,2011-09-21,2011-09-21,78,2,622,623.38,0
14952,2009-12-03,2011-10-11,59,43,10332,25728.84,0
14953,2010-09-30,2011-11-14,24,5,1238,1256.99,0
14954,2010-01-05,2011-11-27,11,3,326,756.97,0
14955,2009-12-07,2009-12-07,732,1,74,163.77,1
14956,2010-10-14,2010-10-14,420,1,2500,1325.0,1
14957,2010-03-05,2011-03-31,252,3,131,320.18,1
14958,2009-12-03,2011-07-15,146,9,376,1425.72,1
14959,2011-02-16,2011-10-06,63,8,988,1390.84,0
14960,2011-06-21,2011-12-01,7,4,442,442.54,0
14961,2009-12-04,2011-11-29,10,31,12080,23454.83,0
14962,2010-05-04,2011-03-14,270,5,167,493.61,1
14963,2010-07-02,2011-11-30,9,17,3446,4595.91,0
14964,2011-04-06,2011-04-06,246,2,286,412.42,1
14965,2011-09-04,2011-09-04,95,4,726,1192.18,1
14966,2009-12-15,2011-11-25,14,7,1239,1247.28,0
14967,2009-12-03,2011-10-21,49,7,792,2446.41,0
14968,2010-09-07,2011-11-09,29,3,384,648.83,0
14969,2010-01-05,2010-01-05,703,1,665,906.23,1
14970,2010-02-14,2011-10-02,67,16,1232,6511.41,0
14971,2011-10-27,2011-11-04,34,6,1278,2195.96,0
14972,2010-11-23,2011-08-03,127,3,68,259.84,1
14973,2011-04-28,2011-08-24,106,6,738,2628.9,1
14974,2011-11-02,2011-11-02,36,2,74,179.88,0
14975,2010-10-14,2011-10-13,56,3,887,752.33,0
14976,2011-01-17,2011-10-13,56,14,468,1581.72,0
14977,2009-12-14,2009-12-14,725,1,17,31.93,1
14978,2010-04-28,2011-09-28,71,15,1259,5033.56,0
14979,2009-12-04,2009-12-04,734,1,209,429.66,1
14980,2009-12-02,2009-12-02,736,1,79,150.68,1
14981,2010-10-12,2011-04-07,245,3,338,475.04,1
14982,2010-05-16,2010-05-16,571,1,125,237.78,1
14983,2010-01-19,2010-01-19,688,1,90,183.2,1
14984,2010-01-11,2011-11-20,18,8,406,1462.88,0
14985,2010-12-16,2011-05-25,197,4,512,584.02,1
14986,2010-01-24,2010-11-28,375,2,338,563.1,1
14987,2009-12-02,2011-11-24,15,10,735,1877.05,0
14988,2010-04-16,2011-05-12,211,8,1401,2373.19,1
14989,2010-02-16,2010-02-16,661,1,200,342.4,1
14990,2009-12-09,2010-04-06,611,2,129,304.17,1
14991,2010-10-05,2010-10-05,429,1,191,314.67,1
14992,2010-09-23,2010-09-23,441,1,145,210.5,1
14993,2010-05-25,2010-05-25,563,1,21,36.13,1
14994,2010-03-26,2010-11-22,381,5,568,946.72,1
14995,2011-03-04,2011-11-01,38,4,204,463.96,0
14996,2010-08-15,2010-08-15,480,2,404,442.29,1
14997,2010-02-22,2011-10-24,45,7,2528,1322.8,0
14998,2010-04-13,2011-06-22,169,6,610,1168.05,1
14999,2010-04-26,2010-04-26,592,1,88,129.48,1
15000,2011-10-23,2011-10-23,47,2,436,981.04,0
15001,2010-11-10,2010-11-10,393,2,70,199.11,1
15002,2010-01-12,2011-08-16,115,13,3076,5779.84,1
15003,2010-01-26,2010-08-23,472,6,525,1027.03,1
15004,2011-07-15,2011-07-15,146,2,1246,2441.54,1
15005,2009-12-01,2011-11-24,15,84,12896,20049.95,0
15006,2010-09-12,2011-10-19,50,3,673,1238.16,0
15007,2011-07-03,2011-07-03,158,2,138,313.82,1
15008,2010-03-12,2010-08-16,479,2,1500,360.0,1
15009,2011-11-14,2011-11-27,11,6,1278,2518.86,0
15010,2011-11-04,2011-11-04,35,2,368,617.88,0
15011,2010-10-19,2010-11-09,395,2,289,416.6,1
15012,2010-05-12,2011-10-17,53,5,608,1051.3,0
15013,2010-01-31,2010-08-09,487,10,1715,1610.82,1
15014,2011-06-16,2011-10-27,42,4,298,515.34,0
15015,2009-12-14,2010-07-26,500,13,1584,2354.97,1
15016,2010-06-14,2011-06-20,172,6,319,790.93,1
15017,2011-11-06,2011-11-06,33,2,126,251.16,0
15018,2010-12-07,2011-11-01,38,6,378,992.42,0
15019,2011-03-18,2011-03-18,266,2,300,505.62,1
15020,2010-11-25,2010-11-25,378,1,111,198.47,1
15021,2010-07-29,2011-12-01,8,21,1898,4372.36,0
15022,2010-01-31,2011-11-28,11,9,1167,1985.83,0
15023,2010-02-03,2011-12-06,2,31,7585,18299.06,0
15024,2010-10-11,2011-11-30,9,26,2826,5195.82,0
15025,2010-05-20,2011-11-06,32,3,687,1341.75,0
15026,2010-09-17,2011-09-20,79,8,940,1517.89,0
15027,2010-03-25,2011-11-09,30,14,3347,4261.75,0
15028,2010-11-10,2011-12-01,7,10,1132,1590.07,0
15029,2010-03-30,2010-03-30,619,1,234,365.1,1
15030,2010-03-04,2011-09-29,71,10,1597,2498.19,0
15031,2009-12-08,2011-12-05,3,18,1976,3756.13,0
15032,2009-12-10,2011-03-28,255,11,9569,15969.15,1
15033,2011-01-14,2011-12-05,4,20,3344,5114.36,0
15034,2010-05-11,2011-11-24,15,22,7161,12505.36,0
15035,2011-09-11,2011-09-11,89,2,490,505.46,0
15036,2011-06-13,2011-09-28,71,6,632,859.12,0
15037,2010-11-28,2010-11-28,375,2,298,397.76,1
15038,2010-10-10,2011-10-12,58,15,593,1832.27,0
15039,2009-12-10,2011-11-30,9,140,26911,58908.07,0
15040,2010-06-16,2010-06-16,541,1,1,7.49,1
15041,2010-09-21,2011-06-22,169,3,297,469.33,1
15042,2010-04-23,2011-05-24,198,3,268,451.38,1
15043,2010-06-24,2011-11-08,30,7,1319,3407.32,0
15044,2009-12-16,2011-11-20,18,52,8026,23658.88,0
15045,2011-03-27,2011-07-11,151,4,228,1471.32,1
15046,2010-01-14,2011-11-30,8,40,7957,12714.21,0
15047,2011-03-15,2011-03-15,269,2,444,687.24,1
15048,2010-12-06,2011-10-05,64,8,384,762.0,0
15049,2011-03-11,2011-03-11,273,2,126,242.34,1
15050,2010-08-16,2011-11-14,24,8,3816,5824.88,0
15051,2009-12-01,2011-11-16,22,12,4062,5310.27,0
15052,2011-01-24,2011-01-24,318,2,158,415.46,1
15053,2011-03-03,2011-12-05,4,6,1968,1387.9,0
15054,2011-10-30,2011-11-27,11,4,396,604.2,0
15055,2009-12-16,2010-08-22,474,3,225,549.12,1
15056,2010-07-07,2010-07-07,519,1,69,113.65,1
15057,2009-12-05,2011-03-09,274,7,2062,4745.46,1
15058,2010-02-24,2011-11-14,24,27,2699,5490.12,0
15059,2009-12-06,2011-10-30,40,28,2203,4828.92,0
15060,2011-11-30,2011-12-01,7,8,514,588.5,0
15061,2009-12-01,2011-12-06,3,175,103200,180923.16,0
15062,2010-04-08,2011-09-29,70,12,2635,3573.48,0
15063,2011-05-10,2011-05-10,212,2,112,741.6,1
15064,2009-12-22,2010-10-25,409,4,810,1254.41,1
15065,2010-10-25,2011-11-02,37,9,2829,6484.99,0
15066,2011-10-17,2011-10-17,52,2,634,1787.18,0
15067,2010-04-11,2011-09-22,77,8,3105,5607.64,0
15068,2010-03-28,2011-10-24,45,6,1196,1728.26,0
15069,2011-06-13,2011-06-13,178,2,1040,2219.06,1
15070,2009-12-15,2010-12-02,372,4,375,843.25,1
15071,2010-05-18,2011-09-07,93,6,685,2437.63,1
15072,2010-08-17,2010-08-17,478,1,164,187.52,1
15073,2010-01-27,2011-11-30,9,11,1901,3831.43,0
15074,2010-08-29,2011-08-26,104,4,1470,2288.8,1
15075,2011-09-23,2011-09-23,77,2,894,1546.06,0
15076,2010-07-05,2011-06-20,172,4,1437,2328.59,1
15077,2009-12-09,2010-08-02,494,2,528,2428.08,1
15078,2009-12-04,2011-12-02,6,85,13882,27029.84,0
15079,2009-12-08,2011-05-11,212,15,1848,4521.01,1
15080,2010-07-26,2010-10-08,427,2,287,546.25,1
15081,2010-06-22,2011-11-17,21,17,939,2359.37,0
15082,2010-02-09,2010-02-09,668,1,43,93.35,1
15083,2011-03-28,2011-03-28,256,2,76,176.4,1
15084,2010-03-04,2010-11-25,379,2,600,965.2,1
15085,2009-12-10,2009-12-10,729,1,169,347.54,1
15086,2010-03-24,2010-05-24,564,2,95,218.53,1
15087,2011-03-03,2011-03-03,281,2,940,613.88,1
15088,2011-10-03,2011-11-18,20,4,920,2320.14,0
15089,2011-08-03,2011-11-29,9,12,2718,4841.68,0
15090,2011-02-04,2011-02-04,307,2,416,762.64,1
15091,2010-02-03,2011-10-03,67,4,928,1527.32,0
15092,2010-09-03,2011-05-08,214,5,365,1234.27,1
15093,2009-12-08,2011-11-21,17,29,14538,18299.4,0
15094,2010-03-05,2010-09-02,462,2,28,83.0,1
15095,2010-01-21,2011-08-28,103,14,3312,4512.24,1
15096,2011-10-28,2011-10-28,42,2,240,438.78,0
15097,2010-05-05,2011-12-05,3,4,594,1156.43,0
15098,2011-06-10,2011-06-10,181,6,242,79833.0,1
15099,2011-09-16,2011-09-16,83,2,686,820.96,0
15100,2010-01-07,2011-01-10,333,10,350,3069.9,1
15101,2010-04-28,2011-12-01,8,8,917,1795.47,0
15102,2010-06-11,2010-06-27,530,2,339,554.67,1
15103,2011-09-14,2011-11-08,30,4,658,1406.72,0
15104,2011-03-02,2011-05-27,196,4,1270,1987.08,1
15105,2010-03-23,2011-11-21,17,16,2958,5393.84,0
15106,2011-03-15,2011-11-22,17,10,2362,2845.04,0
15107,2010-09-14,2011-02-01,310,15,499,1143.85,1
15108,2011-04-26,2011-07-21,141,8,998,2600.5,1
15109,2009-12-04,2011-04-08,245,4,389,1468.05,1
15110,2010-08-11,2011-11-16,23,10,583,2501.95,0
15111,2010-04-26,2011-11-10,28,8,1768,4009.85,0
15112,2010-04-07,2010-04-07,610,1,72,209.4,1
15113,2011-10-16,2011-11-30,9,6,4688,7018.86,0
15114,2010-10-14,2011-11-09,29,22,6628,6160.68,0
15115,2009-12-07,2011-11-21,17,3,402,871.96,0
15116,2011-05-19,2011-11-22,17,8,1296,2705.5,0
15117,2010-03-15,2011-11-25,14,13,5041,4037.75,0
15118,2011-07-28,2011-07-28,133,2,2880,489.6,1
15119,2011-04-08,2011-04-08,245,2,176,532.8,1
15120,2011-07-29,2011-07-29,133,2,592,717.64,1
15121,2011-02-24,2011-10-20,49,4,398,915.44,0
15122,2010-03-30,2011-08-17,113,14,2833,6121.05,1
15123,2010-03-16,2011-12-02,6,7,3719,6855.48,0
15124,2010-02-26,2011-11-17,22,6,695,635.01,0
15125,2010-03-31,2011-11-14,24,39,14626,28553.35,0
15126,2010-01-21,2010-06-21,536,2,273,449.49,1
15127,2010-07-08,2011-10-05,65,3,715,1118.03,0
15128,2010-10-05,2011-10-10,59,9,2926,3254.68,0
15129,2010-04-08,2011-10-20,49,34,5796,10307.58,0
15130,2011-06-23,2011-06-23,169,2,394,660.22,1
15131,2010-11-10,2010-11-10,394,1,88,80.28,1
15132,2011-03-22,2011-11-21,17,10,1358,1955.86,0
15133,2010-07-07,2011-08-04,127,8,1640,2789.32,1
15134,2010-10-13,2011-11-25,14,18,1944,2984.28,0
15135,2010-06-01,2011-04-14,238,3,127,444.73,1
15136,2011-09-04,2011-12-07,2,8,1552,2573.4,0
15137,2010-01-28,2010-07-07,520,2,596,823.4,1
15138,2010-11-11,2010-11-11,393,1,300,502.52,1
15139,2011-01-07,2011-04-14,239,4,416,357.92,1
15140,2010-09-23,2011-10-18,51,15,3582,5597.94,0
15141,2010-03-28,2010-09-08,457,7,1197,1388.47,1
15142,2010-07-27,2011-10-24,45,7,2520,3118.66,0
15143,2010-10-03,2011-04-28,225,3,470,823.08,1
15144,2009-12-13,2011-12-01,7,46,8301,18740.75,0
15145,2011-04-05,2011-12-05,3,8,1512,2389.46,0
15146,2011-02-21,2011-06-28,164,4,2946,2654.32,1
15147,2011-04-13,2011-04-13,239,2,732,1247.0,1
15148,2011-11-29,2011-11-29,10,2,374,602.58,0
15149,2010-02-28,2011-07-29,133,6,508,2075.41,1
15150,2010-06-14,2011-11-22,16,23,9809,14269.27,0
15151,2010-07-18,2010-10-12,422,2,795,2085.61,1
15152,2010-01-07,2011-11-30,9,27,5698,10009.52,0
15153,2011-11-08,2011-11-08,30,2,396,658.5,0
15154,2010-08-18,2011-09-25,74,4,422,1598.0,0
15155,2010-11-21,2010-11-21,382,1,192,383.97,1
15156,2011-11-06,2011-12-08,0,6,1194,1922.98,0
15157,2009-12-10,2011-12-06,3,8,5858,4590.18,0
15158,2010-11-03,2011-10-25,44,3,417,1007.42,0
15159,2010-10-04,2011-12-08,1,64,24953,40757.74,0
15160,2010-10-14,2010-12-17,356,5,391,747.43,1
15161,2010-11-16,2010-11-16,387,1,144,119.92,1
15162,2009-12-08,2009-12-08,730,1,74,312.9,1
15163,2011-05-31,2011-11-21,17,4,372,608.94,0
15164,2010-01-18,2011-10-02,68,12,1263,2852.69,0
15165,2010-12-01,2010-12-01,372,2,320,975.5,1
15166,2010-08-29,2010-08-29,467,1,140,167.16,1
15167,2010-02-04,2011-01-23,320,6,928,1786.42,1
15168,2011-11-14,2011-11-14,25,2,104,213.12,0
15169,2009-12-13,2010-11-22,381,2,356,569.22,1
15170,2010-10-29,2010-10-29,406,1,33,81.15,1
15171,2011-01-12,2011-01-12,330,2,580,2579.0,1
15172,2011-04-17,2011-12-01,8,10,3222,3248.1,0
15173,2010-04-01,2010-11-24,380,7,840,1494.6,1
15174,2010-10-25,2011-01-21,322,3,527,617.21,1
15175,2011-09-29,2011-09-29,71,2,908,448.28,0
15176,2010-02-10,2010-02-10,667,1,448,988.04,1
15177,2010-10-10,2010-10-10,425,1,485,948.93,1
15178,2011-03-24,2011-03-24,259,2,60,81.0,1
15179,2009-12-03,2011-11-21,17,18,7354,9698.87,0
15180,2010-04-29,2010-12-07,366,4,690,904.43,1
15181,2009-12-08,2011-10-04,65,8,1232,1889.68,0
15182,2010-02-21,2011-07-08,153,13,1439,3621.8,1
15183,2010-05-04,2010-06-10,547,3,297,639.93,1
15184,2009-12-16,2011-11-10,28,6,661,1087.59,0
15185,2011-09-30,2011-09-30,69,2,1332,621.24,0
15186,2010-01-12,2011-11-25,13,7,931,1814.61,0
15187,2011-05-11,2011-12-08,1,32,3774,9554.36,0
15188,2009-12-14,2009-12-14,724,1,233,310.43,1
15189,2010-07-18,2011-12-08,0,87,13051,33749.77,0
15190,2010-10-01,2010-10-01,433,1,790,834.44,1
15191,2010-01-20,2010-09-02,462,3,287,588.05,1
15192,2010-01-29,2011-08-12,119,8,2366,2710.71,1
15193,2011-10-10,2011-10-10,60,2,288,998.64,0
15194,2009-12-03,2011-12-06,2,43,14625,19638.06,0
15195,2011-12-07,2011-12-07,2,2,2808,7722.0,0
15196,2009-12-13,2010-10-03,432,2,130,313.7,1
15197,2009-12-11,2011-11-29,10,9,1527,2957.12,0
15198,2010-01-19,2011-09-08,91,7,447,764.99,1
15199,2010-05-13,2011-10-11,58,14,1290,4391.1,0
15200,2010-08-02,2010-08-02,494,1,195,549.05,1
15201,2010-04-07,2011-09-13,86,12,2870,3079.49,0
15202,2010-10-15,2010-10-15,419,3,3,6001.49,1
15203,2009-12-08,2011-11-14,25,21,5935,6227.98,0
15204,2010-12-17,2010-12-17,356,2,516,633.16,1
15205,2011-08-04,2011-09-15,84,4,756,1306.48,0
15206,2011-03-09,2011-11-29,9,8,324,840.6,0
15207,2010-06-10,2010-10-19,415,3,428,683.92,1
15208,2010-10-12,2011-12-08,0,11,672,1840.64,0
15209,2009-12-09,2009-12-09,729,1,94,178.98,1
15210,2010-05-13,2011-04-28,224,4,1069,1507.37,1
15211,2010-12-09,2011-10-10,59,4,480,1788.82,0
15212,2010-11-28,2011-04-12,240,3,120,310.08,1
15213,2011-01-14,2011-01-25,318,4,544,656.7,1
15214,2011-04-11,2011-12-08,1,16,2508,3322.88,0
15215,2010-04-06,2011-10-24,46,10,1001,3157.37,0
15216,2010-03-31,2011-09-13,87,3,245,582.69,0
15217,2010-05-25,2010-05-25,562,1,190,426.24,1
15218,2010-01-26,2011-11-29,10,33,9859,17225.72,0
15219,2010-03-01,2011-06-16,175,3,316,991.2,1
15220,2011-03-04,2011-10-19,51,12,2786,3557.92,0
15221,2010-03-12,2010-12-08,365,5,287,2465.45,1
15222,2009-12-16,2011-01-25,318,12,4898,4135.91,1
15223,2009-12-05,2011-04-28,225,7,598,2173.7,1
15224,2010-01-15,2010-12-16,357,7,595,1193.44,1
15225,2011-04-19,2011-04-19,233,2,452,818.8,1
15226,2011-02-02,2011-02-02,310,2,142,308.82,1
15227,2010-03-16,2011-11-03,36,14,1967,3707.89,0
15228,2010-07-28,2011-10-04,65,10,5630,8966.98,0
15229,2010-05-02,2010-05-02,585,1,114,160.5,1
15230,2011-04-13,2011-04-14,238,4,702,859.2,1
15231,2010-03-28,2010-03-28,620,1,190,250.26,1
15232,2011-07-22,2011-08-18,112,4,1372,1224.12,1
15233,2010-11-03,2010-11-03,400,1,12,59.4,1
15234,2011-03-08,2011-03-08,276,2,392,394.0,1
15235,2010-11-16,2011-05-06,217,28,3000,5020.27,1
15236,2011-02-14,2011-02-14,298,2,538,642.1,1
15237,2011-04-26,2011-12-08,1,8,2142,2824.64,0
15238,2011-06-08,2011-11-10,28,6,1384,2143.98,0
15239,2011-09-22,2011-11-29,9,4,1188,1561.18,0
15240,2009-12-05,2011-10-26,44,17,4583,6166.55,0
15241,2010-02-23,2011-10-04,66,19,5146,4806.6,0
15242,2010-10-13,2010-10-13,421,1,196,302.04,1
15243,2010-09-30,2011-09-26,73,3,728,1243.96,0
15244,2010-02-11,2011-10-05,64,5,877,1543.65,0
15245,2010-04-23,2011-07-28,133,11,4805,7126.68,1
15246,2010-06-02,2011-04-15,237,5,606,1294.55,1
15247,2010-06-20,2011-08-09,121,4,674,1332.06,1
15248,2010-06-23,2010-10-24,410,3,1065,1893.93,1
15249,2010-03-26,2011-11-08,31,31,8557,15954.46,0
15250,2010-03-09,2010-03-09,640,1,48,60.0,1
15251,2010-01-29,2011-11-30,8,32,18279,30809.53,0
15252,2010-04-07,2011-11-03,35,7,1952,2844.19,0
15253,2010-05-02,2011-11-23,15,13,2454,2973.29,0
15254,2010-05-28,2011-08-04,126,4,986,1388.71,1
15255,2009-12-03,2011-10-04,66,10,2703,4596.87,0
15256,2010-05-27,2011-07-14,148,3,147,268.85,1
15257,2010-10-21,2011-03-01,282,3,117,1003.05,1
15258,2011-05-06,2011-06-24,168,4,284,1246.32,1
15259,2010-01-26,2010-07-15,512,4,631,1182.38,1
15260,2009-12-06,2011-08-31,99,32,5353,10578.5,1
15261,2010-10-01,2011-07-27,134,5,1076,1762.82,1
15262,2010-08-08,2011-01-20,323,4,291,597.77,1
15263,2011-08-25,2011-08-25,106,2,178,313.02,1
15264,2010-06-27,2011-10-06,63,3,708,1242.14,0
15265,2009-12-01,2011-07-11,150,6,2182,4851.76,1
15266,2010-01-07,2011-01-05,337,6,254,971.51,1
15267,2011-06-10,2011-11-17,21,10,1888,3434.72,0
15268,2010-04-13,2010-08-18,478,3,428,961.9,1
15269,2010-11-14,2011-11-16,23,4,398,1634.16,0
15270,2009-12-17,2011-11-24,15,28,5531,10904.35,0
15271,2010-08-05,2011-12-02,6,39,3663,7021.88,0
15272,2010-02-14,2011-10-13,56,8,975,2752.89,0
15273,2010-04-19,2010-04-19,599,1,216,228.96,1
15274,2011-11-21,2011-12-05,3,4,1238,1433.14,0
15275,2011-11-02,2011-11-02,37,2,996,1230.28,0
15276,2010-10-01,2011-10-04,65,5,378,748.43,0
15277,2010-10-10,2011-10-24,46,3,578,732.24,0
15278,2010-02-12,2010-05-27,561,4,458,496.16,1
15279,2010-02-02,2010-12-20,354,6,991,1871.05,1
15280,2010-05-17,2011-06-20,171,4,661,510.64,1
15281,2010-10-08,2011-10-12,58,25,6444,10875.72,0
15282,2010-05-18,2010-05-18,569,1,395,348.59,1
15283,2010-07-09,2010-11-14,389,3,27,148.33,1
15284,2010-07-27,2010-07-27,499,1,5,24.75,1
15285,2010-10-28,2010-10-28,407,1,120,94.92,1
15286,2011-10-21,2011-10-21,49,2,110,481.1,0
15287,2009-12-02,2011-11-17,21,7,1443,1342.72,0
15288,2010-02-12,2011-10-27,42,15,2111,6021.9,0
15289,2010-03-28,2011-11-10,28,8,2635,2532.87,0
15290,2010-02-24,2011-12-05,4,44,11068,18439.5,0
15291,2009-12-03,2011-11-14,25,55,7008,18186.06,0
15292,2011-05-22,2011-05-22,200,2,110,356.78,1
15293,2010-02-12,2010-02-12,665,1,178,247.5,1
15294,2010-10-25,2010-10-25,410,1,97,233.35,1
15295,2010-02-23,2010-02-23,653,1,139,207.04,1
15296,2010-01-21,2011-10-20,50,18,7218,13995.89,0
15297,2011-10-07,2011-11-29,9,6,584,1283.88,0
15298,2009-12-08,2011-12-07,1,35,9116,13861.67,0
15299,2010-01-12,2011-10-03,66,17,6304,10663.54,0
15300,2011-10-06,2011-10-06,63,2,584,992.88,0
15301,2010-09-15,2011-10-20,50,29,6514,11959.62,0
15302,2009-12-09,2009-12-09,729,1,102,308.0,1
15303,2010-01-25,2011-02-22,289,4,762,1798.2,1
15304,2010-10-14,2011-10-10,60,17,216,1490.8,0
15305,2010-06-02,2010-06-02,554,1,40,93.6,1
15306,2010-02-18,2011-10-06,63,12,3884,4659.08,0
15307,2011-09-05,2011-09-05,95,2,74,410.6,1
15308,2011-03-10,2011-03-10,273,2,350,620.94,1
15309,2009-12-04,2010-04-08,610,4,440,797.96,1
15310,2010-08-18,2010-08-18,478,1,1476,1634.64,1
15311,2009-12-01,2011-12-09,0,299,108296,175599.17,0
15312,2009-12-16,2011-09-25,74,16,2209,3855.04,0
15313,2011-08-21,2011-08-21,109,2,50,104.0,1
15314,2010-10-07,2011-05-24,198,4,1063,1148.42,1
15315,2011-08-15,2011-10-06,63,4,1724,1141.0,0
15316,2011-01-17,2011-01-17,326,2,200,330.0,1
15317,2010-01-31,2010-01-31,676,1,45,129.75,1
15318,2011-12-06,2011-12-06,3,2,1284,625.24,0
15319,2011-03-01,2011-03-01,283,2,350,409.0,1
15320,2011-10-26,2011-10-26,43,2,652,534.26,0
15321,2010-02-03,2011-09-30,70,15,4834,9458.04,0
15322,2010-08-20,2011-09-15,85,3,1387,2070.54,0
15323,2010-02-16,2010-05-26,562,3,188,434.6,1
15324,2010-01-07,2010-01-07,700,1,74,140.22,1
15325,2010-02-16,2011-08-28,103,9,1613,1763.2,1
15326,2009-12-01,2011-01-10,333,6,1737,2012.23,1
15327,2011-10-18,2011-10-18,52,2,232,417.5,0
15328,2010-10-28,2010-10-28,407,1,88,107.24,1
15329,2009-12-14,2011-10-31,38,14,1703,4008.53,0
15330,2011-10-10,2011-11-07,31,4,2624,1429.92,0
15331,2010-04-09,2010-07-28,499,3,701,767.91,1
15332,2010-07-14,2010-12-08,365,10,2958,6553.74,1
15333,2011-05-15,2011-05-15,207,2,688,2057.12,1
15334,2011-06-19,2011-07-06,156,6,546,701.64,1
15335,2011-10-17,2011-10-17,53,2,158,340.44,0
15336,2010-11-03,2010-11-03,401,1,84,240.5,1
15337,2010-10-24,2010-10-24,410,1,200,373.02,1
15338,2010-01-31,2010-01-31,676,1,148,277.93,1
15339,2010-02-08,2011-10-04,65,9,1554,2395.09,0
15340,2010-05-27,2010-05-27,561,1,76,105.5,1
15341,2010-09-16,2011-09-20,80,3,1820,4423.24,0
15342,2011-08-02,2011-08-02,129,2,566,812.18,1
15343,2011-09-13,2011-09-13,86,2,168,729.0,0
15344,2011-09-26,2011-12-09,0,6,232,1127.88,0
15345,2011-10-25,2011-10-25,45,2,162,787.08,0
15346,2010-10-04,2011-01-11,332,4,404,848.54,1
15347,2010-09-28,2010-12-08,365,5,672,1363.6,1
15348,2011-09-28,2011-09-28,71,2,168,316.08,0
15349,2011-06-05,2011-07-04,157,4,642,927.82,1
15350,2010-11-21,2010-12-01,372,3,323,663.25,1
15351,2010-10-03,2011-11-27,11,17,2092,5364.88,0
15352,2010-06-09,2010-06-09,548,1,40,111.15,1
15353,2009-12-02,2011-03-30,254,9,1732,3564.59,1
15354,2010-04-15,2010-04-15,602,3,3,284.4,1
15355,2011-10-17,2011-11-10,28,4,90,554.1,0
15356,2010-10-13,2011-11-08,30,23,3535,5957.6,0
15358,2009-12-07,2011-12-05,4,64,21952,24773.06,0
15359,2010-01-15,2010-02-15,662,8,145,181.35,1
15360,2011-10-31,2011-10-31,39,2,446,855.86,0
15361,2010-06-14,2010-12-13,361,5,709,1107.99,1
15362,2009-12-01,2010-09-17,448,2,368,613.08,1
15363,2010-08-04,2010-12-02,372,3,527,1004.11,1
15364,2011-03-30,2011-09-05,95,4,986,1826.38,1
15365,2010-02-04,2011-11-14,25,20,3215,6871.45,0
15366,2010-02-26,2011-09-25,74,9,3068,2991.59,0
15367,2009-12-10,2011-10-13,56,15,4001,6958.92,0
15368,2010-11-10,2011-11-18,20,3,636,1169.68,0
15369,2009-12-08,2010-08-04,491,11,3288,6251.26,1
15370,2010-10-25,2011-10-30,40,15,2227,6125.06,0
15371,2010-02-15,2010-02-15,661,1,12,59.4,1
15372,2010-02-14,2011-07-25,136,9,9334,8024.46,1
15373,2010-05-02,2011-12-01,7,29,1226,5500.45,0
15374,2010-03-25,2011-08-03,128,3,416,475.32,1
15375,2010-01-18,2010-01-18,689,1,84,60.96,1
15376,2011-05-01,2011-10-30,39,6,1230,2443.12,0
15377,2010-10-20,2010-11-22,382,4,253,1211.75,1
15378,2010-07-26,2010-09-03,462,2,130,246.5,1
15379,2010-11-04,2011-06-23,168,15,5305,8581.13,1
15380,2009-12-01,2011-12-01,8,16,1330,4939.22,0
15381,2010-05-05,2011-05-10,213,7,973,2487.42,1
15382,2009-12-04,2011-11-25,14,18,13190,19689.26,0
15384,2010-04-26,2011-06-23,169,6,2363,2670.2,1
15385,2010-01-31,2011-10-30,39,4,589,1258.96,0
15386,2011-06-06,2011-06-06,185,2,892,788.28,1
15387,2010-08-04,2010-08-04,491,1,335,468.65,1
15388,2011-03-14,2011-03-14,269,2,176,281.08,1
15389,2010-01-27,2011-06-20,171,6,4340,3233.8,1
15390,2010-10-26,2010-11-08,395,2,894,1216.66,1
15391,2010-05-04,2010-05-04,583,1,109,289.87,1
15392,2010-10-04,2011-12-05,4,11,3421,4447.15,0
15393,2009-12-15,2011-11-23,15,7,528,1123.2,0
15394,2009-12-15,2011-11-30,9,15,3282,7470.34,0
15395,2011-01-18,2011-01-18,325,2,34,214.9,1
15396,2010-05-05,2011-08-19,112,3,400,1084.56,1
15397,2011-02-23,2011-02-23,289,2,40,188.0,1
15398,2011-09-22,2011-11-23,15,4,1538,2691.06,0
15399,2011-09-21,2011-12-08,0,6,1222,1631.54,0
15400,2010-05-28,2011-09-08,91,13,1052,2018.5,1
15401,2010-05-20,2010-09-13,451,2,93,216.95,1
15402,2010-04-27,2011-07-14,148,8,2728,2457.31,1
15403,2009-12-09,2010-08-05,491,2,492,170.88,1
15404,2010-11-29,2010-11-29,375,1,334,257.06,1
15405,2010-05-12,2011-06-03,188,3,541,1008.94,1
15406,2010-09-12,2011-11-08,30,6,801,1486.58,0
15407,2011-02-07,2011-11-06,33,8,1104,2093.48,0
15408,2011-03-20,2011-03-20,263,2,212,534.36,1
15409,2009-12-18,2009-12-18,720,1,59,131.25,1
15410,2010-04-19,2011-09-16,83,18,3102,8136.56,0
15411,2011-06-10,2011-11-13,25,8,1058,2697.86,0
15412,2011-06-21,2011-06-21,170,2,216,381.06,1
15413,2009-12-01,2010-01-17,691,5,2694,6798.72,1
15414,2011-04-11,2011-11-30,9,6,886,1549.8,0
15415,2011-01-30,2011-01-30,312,2,1102,1119.22,1
15416,2010-02-01,2011-10-06,64,11,4510,8557.14,0
15417,2011-09-15,2011-09-15,84,2,568,1017.6,0
15418,2010-05-02,2010-10-10,424,2,264,449.42,1
15419,2011-11-15,2011-11-15,24,2,460,271.72,0
15420,2009-12-05,2010-10-01,433,6,844,743.0,1
15421,2009-12-07,2011-10-12,58,14,2427,4755.7,0
15422,2010-02-07,2011-01-20,322,9,748,1717.67,1
15423,2010-03-28,2011-11-01,37,4,299,310.39,0
15424,2010-09-02,2011-03-30,253,5,1427,981.12,1
15425,2010-02-14,2010-11-04,399,4,1041,1941.12,1
15426,2010-05-02,2011-11-20,18,14,1697,3560.42,0
15427,2011-10-23,2011-11-06,32,6,1934,2861.08,0
15428,2009-12-17,2011-11-24,14,5,449,856.53,0
15429,2011-09-25,2011-11-13,26,4,760,794.7,0
15430,2010-06-29,2010-08-29,467,2,309,954.75,1
15431,2010-07-25,2010-07-25,502,1,84,153.24,1
15432,2010-06-16,2011-11-16,22,3,157,491.95,0
15433,2011-03-17,2011-05-10,213,4,1068,1066.6,1
15434,2010-01-24,2011-12-01,7,16,2070,3608.54,0
15435,2011-11-17,2011-11-17,21,2,108,298.58,0
15436,2011-04-19,2011-11-27,11,6,1148,2135.5,0
15437,2010-03-09,2011-03-22,261,3,256,593.61,1
15438,2011-07-31,2011-07-31,130,2,118,313.16,1
15439,2010-02-24,2010-10-31,404,4,572,1269.05,1
15440,2011-05-15,2011-10-16,54,6,394,767.36,0
15441,2009-12-09,2010-11-08,395,3,587,1254.21,1
15442,2011-04-05,2011-04-05,248,2,240,1188.0,1
15443,2010-03-07,2011-12-08,1,21,4338,8327.82,0
15444,2011-10-30,2011-11-30,8,4,1518,2822.42,0
15445,2010-04-28,2011-03-20,263,3,176,398.0,1
15446,2009-12-13,2010-11-28,376,3,265,399.75,1
15447,2010-03-24,2011-01-13,330,6,313,648.05,1
15448,2010-02-03,2011-01-31,312,3,719,1283.45,1
15449,2011-03-23,2011-11-13,25,6,1624,1949.04,0
15450,2011-11-09,2011-11-09,29,2,752,859.68,0
15451,2010-04-19,2010-10-01,433,2,76,226.86,1
15452,2010-07-16,2011-11-10,29,9,1367,2313.59,0
15453,2011-06-05,2011-12-08,1,14,1674,2743.54,0
15454,2010-03-31,2010-12-12,361,3,232,485.09,1
15455,2010-04-21,2010-04-21,597,1,3,38.25,1
15456,2009-12-08,2011-03-01,282,13,3360,2526.11,1
15457,2011-03-22,2011-03-22,261,2,264,474.14,1
15458,2010-11-02,2011-11-14,24,3,456,532.08,0
15459,2010-07-30,2010-10-18,416,2,121,202.83,1
15460,2010-12-20,2010-12-20,353,2,214,428.52,1
15461,2010-03-18,2010-09-05,460,2,230,429.7,1
15462,2010-09-20,2011-09-06,93,7,667,971.65,1
15463,2011-11-10,2011-11-10,28,2,212,252.28,0
15464,2011-01-05,2011-01-05,337,2,696,2089.3,1
15465,2009-12-10,2011-11-20,19,50,3895,19455.02,0
15466,2009-12-03,2011-09-15,84,5,1187,1894.99,0
15467,2011-07-10,2011-11-30,8,6,620,1049.76,0
15468,2010-11-12,2011-10-19,50,5,1555,1897.99,0
15469,2010-09-27,2011-10-20,49,5,440,1412.8,0
15470,2010-05-13,2010-05-13,575,1,232,63.42,1
15471,2010-06-07,2011-12-07,1,4,926,1746.49,0
15472,2011-08-18,2011-08-18,112,2,502,743.12,1
15473,2010-09-21,2011-11-25,13,15,1448,3817.2,0
15474,2010-04-23,2010-04-23,595,1,55,150.35,1
15475,2011-09-23,2011-09-23,76,2,638,908.22,0
15476,2010-09-23,2010-11-24,379,4,1174,2209.98,1
15477,2010-02-28,2010-02-28,649,1,216,368.4,1
15478,2010-05-13,2011-10-30,39,5,1469,3383.4,0
15479,2009-12-06,2009-12-06,732,1,38,147.4,1
15480,2010-02-01,2011-08-15,115,6,2155,7184.5,1
15481,2010-11-03,2010-11-03,400,1,1450,1993.34,1
15482,2009-12-02,2011-11-24,15,31,11520,25297.12,0
15483,2010-01-24,2011-07-01,160,14,1196,1043.08,1
15484,2009-12-05,2011-12-08,0,10,7224,8242.51,0
15485,2009-12-01,2011-11-09,29,10,3434,7375.42,0
15486,2010-06-30,2010-06-30,526,1,40,102.0,1
15487,2010-01-29,2010-01-29,679,1,144,231.32,1
15488,2010-05-05,2011-09-08,92,6,324,523.24,1
15489,2010-01-15,2011-11-17,22,11,1872,3553.89,0
15490,2010-10-05,2010-10-05,429,1,82,210.85,1
15491,2011-04-18,2011-09-05,94,12,3292,6200.18,1
15492,2011-09-26,2011-11-11,27,4,966,1318.92,0
15493,2010-02-23,2011-11-07,32,14,1757,6075.09,0
15494,2009-12-10,2011-11-18,20,7,4191,4983.18,0
15495,2010-11-25,2010-11-25,378,1,194,246.5,1
15496,2010-03-18,2010-03-18,630,1,98,146.14,1
15497,2009-12-18,2011-11-22,17,11,3561,9919.59,0
15498,2009-12-16,2011-12-07,2,71,18239,38289.26,0
15499,2009-12-16,2009-12-16,723,1,59,158.65,1
15500,2011-09-19,2011-12-01,7,8,1144,2263.12,0
15501,2010-10-20,2010-10-31,404,2,205,399.95,1
15502,2010-06-03,2011-11-24,15,26,9795,23388.8,0
15503,2009-12-13,2010-12-12,362,3,200,398.34,1
15504,2010-02-12,2011-09-19,80,5,174,455.53,0
15505,2011-07-07,2011-10-18,52,10,4780,7221.92,0
15506,2010-08-19,2011-11-17,22,9,2479,3002.41,0
15507,2011-06-21,2011-06-21,171,2,320,951.72,1
15508,2011-04-18,2011-06-03,188,12,880,2000.54,1
15509,2010-11-24,2010-11-24,379,1,58,152.41,1
15510,2011-01-13,2011-01-13,330,2,4,500.0,1
15511,2011-09-15,2011-11-28,11,10,538,1801.06,0
15512,2010-02-01,2011-07-07,155,6,303,452.58,1
15513,2010-01-13,2011-11-06,32,54,16186,41195.27,0
15514,2009-12-04,2011-11-27,11,29,6185,10415.78,0
15515,2010-11-17,2010-11-17,386,1,131,171.81,1
15516,2011-10-24,2011-10-26,44,6,54,124.86,0
15517,2011-04-20,2011-04-20,232,2,586,534.06,1
15518,2009-12-20,2011-10-06,63,23,4073,6111.54,0
15519,2010-09-19,2010-11-21,382,2,116,344.61,1
15520,2011-12-08,2011-12-08,1,2,628,687.0,0
15521,2010-01-05,2011-10-30,39,24,6343,10098.44,0
15522,2011-09-13,2011-11-07,32,4,1144,795.98,0
15523,2009-12-02,2011-09-16,83,17,15765,17671.2,0
15524,2010-04-12,2011-11-15,24,3,32,1031.4,0
15525,2010-11-22,2011-12-07,1,7,914,1624.59,0
15526,2011-11-06,2011-11-06,32,4,48,296.88,0
15527,2009-12-15,2011-11-21,18,31,3202,7983.42,0
15528,2011-03-30,2011-03-30,253,2,246,458.66,1
15529,2010-11-10,2011-11-17,22,23,7726,8746.26,0
15530,2010-07-15,2011-11-18,21,9,2266,3305.99,0
15531,2011-11-09,2011-12-01,7,4,2170,3944.78,0
15532,2010-06-08,2011-11-14,24,14,1852,5303.58,0
15533,2011-09-11,2011-11-20,18,6,578,1615.14,0
15534,2009-12-14,2009-12-14,725,1,63,162.25,1
15535,2010-09-16,2011-06-19,172,10,449,1547.27,1
15536,2010-10-26,2010-10-26,408,1,242,259.09,1
15537,2011-06-29,2011-06-29,162,2,58,221.84,1
15538,2010-02-14,2010-06-20,537,6,1016,3358.4,1
15539,2011-12-02,2011-12-02,6,2,820,1076.92,0
15540,2010-11-29,2011-11-28,10,3,644,673.98,0
15541,2011-08-17,2011-08-17,113,2,98,170.26,1
15542,2009-12-02,2010-07-15,511,3,418,855.71,1
15543,2010-09-06,2011-02-24,287,3,253,370.12,1
15544,2010-01-28,2011-11-30,8,29,9854,11354.6,0
15545,2010-12-03,2011-10-16,53,4,324,577.94,0
15546,2010-04-12,2010-04-12,606,2,198,1079.1,1
15547,2009-12-06,2011-12-02,6,40,11277,14967.65,0
15548,2010-04-23,2010-04-23,595,1,64,158.09,1
15549,2010-01-11,2011-09-23,76,11,1630,4015.62,0
15550,2009-12-03,2011-12-05,3,16,1434,2786.68,0
15551,2010-06-07,2011-11-03,36,8,1014,2115.87,0
15552,2010-03-26,2011-05-06,216,3,226,342.64,1
15553,2011-10-10,2011-10-10,59,2,898,857.86,0
15554,2011-03-07,2011-03-07,277,2,148,434.4,1
15555,2009-12-06,2011-11-27,11,52,12938,16038.77,0
15556,2011-11-15,2011-11-15,23,2,472,559.54,0
15557,2011-11-11,2011-11-11,28,2,426,937.82,0
15558,2010-03-10,2010-03-10,638,1,73,202.68,1
15559,2010-05-20,2010-05-20,567,1,526,1109.4,1
15560,2010-11-07,2010-11-07,397,2,72,153.52,1
15561,2010-02-14,2011-11-28,11,12,1601,2734.98,0
15562,2009-12-13,2010-12-23,351,4,599,805.98,1
15563,2010-01-28,2011-11-17,21,11,4506,4259.9,0
15564,2010-02-01,2010-09-02,462,2,42,70.74,1
15565,2011-09-30,2011-10-20,49,4,120,346.32,0
15566,2009-12-15,2010-11-12,392,2,153,227.87,1
15567,2011-11-21,2011-11-21,18,2,446,372.02,0
15568,2011-09-27,2011-12-07,2,6,922,1516.58,0
15569,2010-02-28,2011-08-28,103,15,2400,4959.16,1
15570,2010-03-28,2011-12-02,6,37,6142,12885.31,0
15571,2009-12-06,2011-11-28,11,18,2675,4542.78,0
15572,2010-04-14,2011-12-05,4,17,3302,6498.62,0
15573,2009-12-10,2011-11-08,31,7,1125,1779.61,0
15574,2010-09-01,2011-06-15,177,10,1082,1777.08,1
15575,2010-03-30,2010-03-30,619,1,6,30.1,1
15576,2011-11-02,2011-11-02,37,2,788,1842.74,0
15577,2009-12-13,2011-07-11,150,8,209,654.91,1
15578,2011-06-30,2011-06-30,161,2,104,254.2,1
15579,2010-10-03,2011-10-02,68,7,830,1578.23,0
15580,2010-02-07,2010-11-28,376,8,955,1375.39,1
15581,2009-12-02,2011-08-11,120,51,3311,11156.17,1
15582,2011-05-03,2011-11-15,24,6,906,1365.82,0
15583,2010-11-28,2010-11-28,375,1,56,95.96,1
15584,2010-02-07,2011-11-16,23,10,796,1989.06,0
15585,2011-06-16,2011-06-16,176,2,640,910.6,1
15586,2010-01-08,2010-04-26,592,3,1338,1139.1,1
15587,2010-08-05,2011-10-20,49,11,840,2435.76,0
15588,2010-01-31,2010-01-31,677,1,96,579.6,1
15589,2011-02-02,2011-03-29,255,6,486,957.06,1
15590,2010-04-12,2010-11-22,381,5,832,1496.6,1
15591,2010-02-04,2010-05-06,582,3,58,217.9,1
15592,2011-10-24,2011-10-24,46,2,708,777.16,0
15593,2011-09-30,2011-09-30,70,2,120,399.6,0
15594,2011-04-19,2011-11-24,15,10,1966,3543.56,0
15595,2010-08-09,2010-08-09,487,1,144,357.6,1
15596,2010-07-28,2011-08-31,100,14,1769,4134.31,1
15597,2010-05-13,2011-11-04,34,3,672,887.94,0
15598,2010-10-08,2011-10-17,52,3,564,788.7,0
15599,2010-09-20,2011-11-13,26,5,1816,2011.8,0
15600,2010-04-25,2010-10-07,427,4,657,1199.31,1
15601,2009-12-01,2011-11-28,10,44,15378,20968.3,0
15602,2009-12-02,2011-12-01,7,25,3429,4435.83,0
15603,2010-03-01,2011-09-22,78,3,224,136.96,0
15604,2011-10-18,2011-10-18,51,2,318,432.78,0
15605,2010-01-14,2011-11-03,35,14,1082,2940.18,0
15606,2010-03-02,2011-10-09,60,26,2507,8151.15,0
15607,2010-01-08,2011-01-07,336,10,1672,1813.73,1
15608,2010-10-20,2011-11-11,27,9,1976,2879.66,0
15609,2011-06-08,2011-06-08,183,2,296,596.96,1
15610,2011-10-19,2011-10-19,51,2,132,224.92,0
15611,2010-01-25,2011-11-30,9,39,1251,4588.73,0
15612,2011-10-09,2011-11-03,35,4,104,390.3,0
15613,2010-04-08,2010-04-08,609,1,700,433.72,1
15614,2010-03-23,2010-09-28,437,4,1632,3147.36,1
15615,2009-12-02,2011-11-29,9,70,17598,31773.71,0
15616,2010-09-27,2010-09-27,437,1,137,317.11,1
15617,2010-07-20,2010-11-08,395,3,485,828.55,1
15618,2011-07-26,2011-11-07,32,8,908,1553.7,0
15619,2011-11-29,2011-11-29,10,2,272,672.8,0
15620,2010-10-26,2011-10-14,56,7,2164,3495.54,0
15621,2011-11-18,2011-12-05,3,8,1002,2586.06,0
15622,2010-03-04,2011-10-27,42,26,5765,11562.17,0
15623,2009-12-10,2011-07-21,140,9,1212,2738.08,1
15624,2011-03-28,2011-08-15,116,8,714,1176.26,1
15625,2010-06-15,2011-08-28,103,13,4208,4770.66,1
15626,2010-10-14,2011-09-26,74,5,1904,1743.32,0
15627,2010-07-05,2010-09-08,456,2,344,566.9,1
15628,2009-12-13,2011-12-05,4,26,5463,8203.32,0
15629,2010-06-25,2010-09-15,449,4,1518,2240.9,1
15630,2010-03-05,2011-10-25,44,5,1787,2667.75,0
15631,2010-03-07,2010-03-07,641,1,525,596.67,1
15632,2011-03-10,2011-11-24,15,16,4218,6570.62,0
15633,2009-12-08,2010-07-18,508,13,2048,4335.96,1
15634,2010-11-21,2011-11-22,16,3,326,798.2,0
15635,2010-11-09,2010-11-09,395,1,5,100.35,1
15636,2010-05-19,2011-09-11,89,6,844,2169.34,0
15637,2009-12-15,2011-10-18,52,6,779,1020.95,0
15638,2010-04-08,2010-11-26,378,6,1134,2265.2,1
15639,2010-04-13,2011-07-28,133,4,1172,1490.4,1
15640,2009-12-14,2011-12-05,3,44,18712,35910.42,0
15641,2009-12-06,2011-08-26,104,16,5984,7232.75,1
15642,2009-12-10,2009-12-10,729,1,270,105.78,1
15643,2011-03-02,2011-06-01,191,6,492,1328.0,1
15644,2011-03-23,2011-06-26,165,8,1100,1607.08,1
15645,2010-10-10,2011-11-21,18,4,652,1667.18,0
15646,2010-10-25,2011-07-05,157,8,1215,1232.45,1
15647,2010-10-20,2010-10-20,414,1,124,169.0,1
15648,2011-03-17,2011-05-19,203,4,436,1279.0,1
15649,2010-11-17,2011-01-07,335,6,557,2476.35,1
15650,2010-03-21,2010-07-06,521,2,210,553.88,1
15651,2010-04-22,2011-11-03,36,8,1350,1905.36,0
15652,2010-08-11,2011-09-09,90,6,865,1743.68,1
15653,2011-08-16,2011-09-08,92,4,2400,1754.88,1
15654,2011-11-13,2011-11-30,8,4,950,1845.06,0
15655,2011-04-10,2011-04-10,242,2,648,1121.34,1
15656,2011-02-28,2011-10-25,44,8,686,1497.0,0
15657,2011-11-17,2011-11-17,22,2,48,60.0,0
15658,2009-12-03,2011-06-02,189,13,869,3141.37,1
15659,2010-02-24,2011-10-27,43,4,272,838.94,0
15660,2010-02-05,2011-11-14,24,24,2833,4204.55,0
15661,2010-05-10,2011-01-26,316,10,1015,1525.75,1
15662,2009-12-01,2010-02-16,660,2,145,283.73,1
15663,2011-08-25,2011-08-25,105,2,212,276.28,1
15664,2010-02-28,2011-10-20,50,5,687,1640.46,0
15665,2010-03-14,2011-06-24,167,7,4431,6209.28,1
15666,2010-08-01,2010-08-24,471,2,469,632.94,1
15667,2011-10-31,2011-10-31,39,2,480,602.64,0
15668,2011-05-06,2011-05-06,217,2,144,152.64,1
15669,2011-03-21,2011-10-30,39,8,684,1368.68,0
15670,2010-06-01,2011-02-16,296,3,223,498.25,1
15671,2011-03-14,2011-11-21,18,14,3398,5314.26,0
15672,2009-12-14,2009-12-14,724,1,10,45.3,1
15673,2010-02-22,2011-09-12,87,13,4725,8930.55,0
15674,2009-12-08,2011-09-27,72,18,4923,9394.83,0
15675,2010-10-31,2011-09-19,80,7,1151,865.73,0
15676,2011-03-01,2011-11-21,18,6,4504,6871.52,0
15677,2010-09-02,2011-10-21,48,4,994,1962.86,0
15678,2010-07-05,2011-10-18,52,4,1206,2178.64,0
15679,2011-06-10,2011-11-15,23,8,2340,1562.56,0
15680,2009-12-02,2011-11-30,8,13,3695,5362.37,0
15681,2010-05-24,2011-11-14,24,19,2208,4415.86,0
15682,2010-01-21,2010-04-19,598,2,222,318.24,1
15683,2010-08-23,2011-08-14,116,3,463,718.29,1
15684,2009-12-04,2010-06-10,546,3,77,173.95,1
15685,2010-09-15,2010-09-15,449,1,36,55.98,1
15686,2010-10-15,2010-10-15,419,1,72,90.0,1
15687,2011-01-13,2011-12-01,8,18,2620,5986.2,0
15688,2010-10-17,2010-10-17,418,1,95,190.57,1
15689,2010-04-01,2011-08-12,119,5,291,775.13,1
15690,2011-08-31,2011-12-05,3,4,816,479.52,0
15691,2009-12-06,2011-04-01,251,5,284,708.1,1
15692,2011-11-11,2011-11-11,27,2,276,382.08,0
15693,2010-02-18,2010-02-18,658,1,30,37.5,1
15694,2009-12-07,2011-12-09,0,38,4144,16457.88,0
15695,2010-01-27,2011-03-18,266,6,696,1541.02,1
15696,2010-01-24,2011-11-06,32,21,2401,6592.33,0
15697,2010-01-19,2010-01-19,689,1,127,246.75,1
15698,2010-03-25,2010-03-25,623,1,60,46.2,1
15699,2011-11-22,2011-11-22,17,2,226,619.3,0
15700,2011-06-19,2011-06-20,171,4,714,1393.36,1
15701,2011-08-21,2011-12-07,1,8,1824,3058.0,0
15702,2010-01-26,2010-08-20,475,2,103,140.39,1
15703,2011-03-20,2011-03-20,264,2,132,423.0,1
15704,2010-05-05,2011-07-22,139,10,2737,6028.28,1
15705,2011-05-22,2011-05-22,200,2,124,286.2,1
15706,2011-08-15,2011-10-07,63,8,642,2121.12,0
15707,2011-09-14,2011-11-04,34,8,1188,1833.96,0
15708,2010-10-10,2011-10-30,40,16,2682,7122.4,0
15709,2010-04-29,2011-03-01,283,3,290,461.1,1
15710,2010-10-18,2010-10-18,416,1,641,898.87,1
15711,2010-01-24,2010-06-01,556,2,199,420.25,1
15712,2009-12-01,2011-11-30,8,17,1763,4544.77,0
15713,2009-12-16,2011-07-19,142,6,601,1196.34,1
15714,2010-06-02,2011-11-28,11,7,547,1113.99,0
15715,2010-03-30,2010-06-02,555,5,246,658.02,1
15716,2009-12-07,2011-07-17,145,15,2117,3586.37,1
15717,2010-04-26,2011-04-19,233,6,294,757.3,1
15718,2010-06-17,2010-06-17,539,1,95,293.79,1
15719,2009-12-01,2011-11-07,32,44,8074,15226.04,0
15720,2010-06-07,2011-11-15,23,3,608,1337.95,0
15721,2011-11-28,2011-11-28,11,2,776,942.8,0
15722,2010-03-09,2011-11-04,35,16,3302,7445.21,0
15723,2010-05-14,2010-12-10,364,5,500,1121.4,1
15724,2010-11-04,2011-05-22,200,5,190,529.1,1
15725,2011-11-24,2011-11-24,14,2,442,830.5,0
15726,2010-11-14,2010-11-14,389,1,123,321.91,1
15727,2010-01-24,2011-11-23,16,22,8971,14530.77,0
15728,2010-09-21,2010-11-25,379,2,132,544.6,1
15729,2010-11-01,2011-05-11,212,4,75,277.55,1
15730,2010-10-04,2011-10-05,65,8,1750,2847.46,0
15731,2010-06-04,2010-06-04,553,1,122,125.3,1
15732,2010-02-04,2011-05-11,211,12,1479,1838.09,1
15733,2011-03-02,2011-03-02,282,2,124,324.6,1
15734,2010-06-10,2011-08-17,114,6,862,3602.75,1
15735,2010-10-14,2010-10-14,420,1,206,327.68,1
15736,2010-09-30,2010-09-30,434,2,1208,1767.12,1
15737,2011-04-11,2011-11-25,14,16,1194,2376.24,0
15738,2009-12-10,2011-11-21,18,57,12012,17855.74,0
15739,2011-10-04,2011-10-04,65,2,944,898.24,0
15740,2011-10-21,2011-10-21,48,2,304,309.76,0
15741,2010-03-31,2010-09-07,457,2,70,208.62,1
15742,2010-03-30,2010-03-30,618,1,51,156.87,1
15743,2011-06-08,2011-11-23,15,8,428,1551.92,0
15744,2011-09-23,2011-09-23,77,2,240,69.6,0
15745,2011-04-17,2011-11-20,18,8,842,2189.18,0
15746,2011-07-28,2011-07-28,133,2,356,393.76,1
15747,2010-01-18,2011-11-27,12,12,1810,3446.45,0
15748,2010-09-16,2011-10-30,39,4,311,754.17,0
15749,2011-01-11,2011-04-18,234,6,36056,89068.6,1
15750,2009-12-01,2011-12-07,2,26,6064,8916.04,0
15751,2009-12-06,2010-09-05,460,11,443,1380.44,1
15752,2010-09-08,2011-10-31,39,16,4752,6551.51,0
15753,2011-02-08,2011-02-08,304,2,288,158.4,1
15754,2010-02-22,2011-10-19,50,12,1961,3496.18,0
15755,2009-12-04,2011-11-29,9,23,5461,8357.37,0
15756,2011-04-04,2011-10-09,60,8,482,1056.02,0
15757,2010-06-10,2011-10-05,65,8,2248,3654.78,0
15758,2011-11-15,2011-11-15,24,2,94,410.5,0
15759,2009-12-02,2011-05-05,217,10,583,1083.97,1
15760,2010-03-19,2010-03-19,630,2,2,13916.34,1
15761,2010-09-23,2010-09-23,442,1,31,143.05,1
15762,2011-09-23,2011-10-05,64,4,502,1167.5,0
15763,2011-09-23,2011-11-08,31,4,542,2173.84,0
15764,2010-08-18,2011-09-12,87,14,4995,7783.05,0
15765,2010-02-11,2010-02-11,666,1,335,370.63,1
15766,2010-01-26,2011-10-06,63,4,504,1146.12,0
15768,2009-12-03,2011-08-16,115,37,4459,15930.72,1
15769,2009-12-11,2011-12-02,6,72,78740,144865.24,0
15770,2010-04-06,2010-04-06,612,1,67,321.45,1
15771,2010-01-15,2010-04-14,603,3,512,1006.54,1
15772,2010-10-17,2010-10-17,417,1,110,280.88,1
15773,2010-10-26,2011-12-04,5,3,721,1410.2,0
15774,2010-02-21,2011-10-02,68,7,552,1559.14,0
15775,2010-03-18,2011-04-08,244,3,328,255.4,1
15776,2011-07-29,2011-07-29,132,2,276,483.24,1
15777,2010-05-20,2011-04-12,240,11,977,2809.72,1
15778,2010-10-04,2010-10-04,430,1,101,307.95,1
15779,2010-06-25,2010-09-02,462,2,20,124.08,1
15780,2010-12-17,2011-06-09,183,6,440,950.56,1
15781,2011-02-07,2011-11-14,24,6,360,690.92,0
15782,2010-10-05,2011-11-30,9,7,2708,6628.84,0
15783,2011-11-29,2011-11-29,10,2,424,492.6,0
15784,2010-02-05,2010-08-29,467,2,381,848.33,1
15785,2009-12-15,2011-11-07,32,21,6091,8298.9,0
15786,2010-06-21,2011-10-24,45,8,9297,13420.62,0
15787,2011-10-09,2011-11-13,25,6,1068,1866.52,0
15788,2010-07-19,2010-07-19,508,1,115,221.83,1
15789,2010-03-26,2010-12-16,357,7,2937,2313.31,1
15790,2011-11-29,2011-11-29,9,2,226,437.5,0
15791,2010-03-08,2011-10-27,43,7,2701,5221.03,0
15792,2010-03-31,2010-11-05,399,2,606,933.84,1
15793,2009-12-01,2011-11-25,14,11,2238,3365.18,0
15794,2009-12-02,2009-12-03,735,2,288,777.0,1
15795,2010-01-18,2011-07-13,149,9,1992,2589.88,1
15796,2010-03-31,2011-12-08,0,25,2593,7880.24,0
15797,2010-01-27,2011-08-18,112,10,2154,5028.48,1
15798,2010-01-27,2010-08-04,492,3,915,1535.37,1
15799,2010-10-17,2011-09-25,75,7,2296,2305.48,0
15800,2010-03-31,2011-08-24,106,9,907,1923.96,1
15801,2011-08-22,2011-10-24,45,6,1140,2127.9,0
15802,2011-07-20,2011-07-20,142,2,2,902.84,1
15803,2010-02-01,2011-10-19,50,5,1320,2345.48,0
15804,2011-05-25,2011-12-09,0,26,5130,8412.78,0
15805,2009-12-10,2011-11-16,22,47,9572,15637.11,0
15806,2011-03-08,2011-10-24,45,6,1204,1569.16,0
15807,2010-02-11,2011-10-20,49,8,1962,2721.42,0
15808,2009-12-01,2011-02-06,305,25,8058,20831.52,1
15809,2010-06-22,2011-11-03,35,12,1001,1790.21,0
15810,2010-02-04,2011-09-22,78,12,2514,4391.02,0
15811,2010-11-16,2011-11-17,21,13,2852,5704.77,0
15812,2009-12-15,2011-08-24,106,17,4372,7002.61,1
15813,2011-04-14,2011-05-16,207,4,1206,2607.82,1
15814,2010-04-15,2011-11-23,16,10,2999,4579.77,0
15815,2011-03-25,2011-10-07,63,10,3712,4201.2,0
15816,2010-06-15,2010-06-15,541,2,54,144.15,1
15817,2010-06-14,2010-10-15,420,3,1596,2766.4,1
15818,2010-04-30,2010-04-30,587,1,284,340.5,1
15819,2010-03-18,2011-10-21,48,14,4285,5840.24,0
15820,2011-01-24,2011-01-24,319,2,256,413.96,1
15821,2011-10-09,2011-10-26,43,4,404,1141.92,0
15822,2009-12-06,2011-12-06,2,8,1325,2725.53,0
15823,2009-12-08,2010-12-02,371,4,1775,3897.17,1
15824,2010-06-25,2010-09-12,452,2,478,890.94,1
15825,2011-06-20,2011-06-20,171,2,440,1065.88,1
15826,2010-05-20,2011-10-14,55,7,2787,4252.59,0
15827,2010-01-08,2011-09-27,72,42,2597,5439.23,0
15828,2010-11-29,2010-11-29,374,1,367,1108.82,1
15829,2011-07-22,2011-09-01,98,4,1992,1272.28,1
15830,2011-11-02,2011-11-02,37,2,830,1152.0,0
15831,2011-01-19,2011-10-12,57,6,2184,1589.28,0
15832,2011-03-30,2011-03-30,253,2,930,1673.58,1
15833,2009-12-02,2009-12-02,737,1,24,80.4,1
15834,2010-10-11,2011-09-30,69,11,2776,5989.54,0
15835,2011-01-13,2011-10-26,43,8,878,1908.18,0
15836,2011-10-20,2011-10-20,49,2,52,274.74,0
15837,2010-08-11,2011-10-06,64,3,594,1168.99,0
15838,2009-12-15,2011-11-28,10,53,82482,106848.58,0
15839,2011-07-14,2011-11-06,32,6,1350,2096.98,0
15840,2011-06-20,2011-10-12,58,4,792,711.12,0
15841,2009-12-10,2011-09-28,72,13,3333,3966.47,0
15842,2010-06-30,2010-11-11,392,2,296,548.8,1
15843,2011-02-09,2011-02-09,303,2,54,237.9,1
15844,2011-10-24,2011-10-24,45,2,268,261.48,0
15845,2010-01-26,2011-11-22,17,19,4054,8138.05,0
15846,2010-11-19,2010-11-19,384,1,79,107.01,1
15847,2010-03-08,2011-11-01,37,7,1092,1211.84,0
15848,2010-03-28,2010-03-28,621,1,45,137.99,1
15850,2009-12-13,2011-11-20,18,8,1632,1241.63,0
15851,2010-07-01,2010-07-01,526,1,67,109.73,1
15852,2010-07-01,2011-06-06,186,5,108,417.97,1
15853,2011-10-19,2011-10-19,51,2,270,221.6,0
15854,2009-12-10,2011-12-05,3,33,2617,8547.4,0
15855,2010-08-20,2011-07-26,136,11,1182,1764.96,1
15856,2009-12-03,2011-12-05,3,79,30416,48419.59,0
15857,2010-10-05,2011-11-21,18,3,892,867.48,0
15858,2009-12-10,2011-11-24,15,18,3878,4979.98,0
15859,2010-10-03,2010-10-03,431,1,174,438.46,1
15860,2009-12-06,2011-10-30,40,25,1696,3326.46,0
15861,2010-01-28,2011-11-27,11,20,6365,7516.12,0
15862,2009-12-17,2011-12-01,7,17,2105,3345.17,0
15863,2009-12-17,2011-11-14,25,7,181,423.94,0
15864,2010-11-23,2011-11-17,21,13,2678,4117.08,0
15865,2010-01-05,2011-10-30,40,8,1509,3136.55,0
15866,2011-08-30,2011-08-30,100,2,248,423.78,1
15867,2009-12-14,2011-12-04,4,46,7119,12733.44,0
15868,2010-05-05,2010-05-05,582,1,57,94.53,1
15869,2010-03-23,2011-03-07,276,5,448,470.75,1
15870,2010-09-19,2011-11-07,32,5,837,1208.9,0
15871,2010-09-28,2010-09-28,436,1,5,33.1,1
15872,2010-06-07,2011-11-25,14,6,654,1045.5,0
15873,2010-07-27,2010-07-28,499,4,1152,313.92,1
15874,2010-01-07,2011-10-07,63,28,7636,15690.64,0
15875,2010-03-03,2010-03-03,645,1,74,108.52,1
15876,2010-09-17,2010-10-26,408,2,886,1449.14,1
15877,2011-11-22,2011-12-08,1,4,736,980.66,0
15878,2009-12-06,2010-05-27,561,2,243,330.77,1
15879,2009-12-17,2010-10-31,403,4,639,1137.8,1
15880,2010-12-05,2010-12-05,368,2,404,658.06,1
15881,2010-12-10,2011-01-31,311,10,520,1002.78,1
15882,2009-12-10,2011-05-25,198,12,926,1641.02,1
15883,2011-11-06,2011-12-07,1,4,446,792.96,0
15884,2009-12-03,2010-10-03,431,2,152,244.6,1
15885,2010-01-21,2011-09-08,92,18,733,2331.17,1
15886,2010-04-20,2011-10-10,59,5,814,1233.96,0
15887,2010-06-02,2010-10-29,406,3,605,1027.15,1
15888,2010-07-01,2011-09-20,80,4,215,597.47,0
15889,2009-12-10,2011-07-06,156,10,1006,1847.67,1
15890,2010-04-14,2010-11-10,394,5,119,535.65,1
15891,2011-04-27,2011-04-27,226,2,836,1023.36,1
15892,2010-02-08,2010-02-08,668,1,46,128.2,1
15893,2010-08-15,2010-08-15,481,1,288,305.28,1
15894,2010-12-05,2011-03-31,252,4,328,516.5,1
15895,2011-07-13,2011-07-13,149,2,188,358.34,1
15897,2011-05-29,2011-05-29,193,4,446,417.18,1
15898,2009-12-11,2011-12-08,0,30,2727,6380.28,0
15899,2010-12-06,2010-12-06,368,2,78,112.5,1
15900,2010-05-26,2011-11-16,23,5,872,1223.85,0
15901,2010-06-14,2011-11-23,16,10,1074,1039.45,0
15902,2010-11-24,2010-11-24,379,1,124,145.01,1
15903,2010-01-14,2011-11-30,9,19,6336,14066.6,0
15904,2011-12-01,2011-12-01,7,2,168,329.36,0
15905,2010-06-14,2010-06-14,542,1,82,114.69,1
15906,2010-09-15,2011-11-20,19,17,1293,4097.88,0
15907,2011-05-13,2011-12-06,3,6,956,1765.44,0
15908,2010-07-15,2010-08-06,490,2,173,758.62,1
15909,2011-06-19,2011-06-19,173,2,196,383.88,1
15910,2010-01-21,2011-12-09,0,23,3171,3890.05,0
15911,2009-12-09,2010-03-26,623,8,810,1700.24,1
15912,2009-12-10,2011-06-14,177,11,944,1339.32,1
15913,2010-06-23,2010-06-23,533,1,3,6.3,1
15914,2010-11-26,2010-11-26,377,2,149,205.99,1
15915,2010-11-03,2010-11-03,401,1,414,364.45,1
15916,2009-12-10,2011-11-23,15,21,2370,4648.1,0
15917,2009-12-02,2011-04-06,247,6,290,653.27,1
15918,2010-03-18,2011-06-02,190,5,393,917.11,1
15919,2010-12-06,2011-11-20,19,4,770,1051.38,0
15920,2009-12-14,2011-07-08,153,13,337,736.64,1
15921,2010-03-09,2011-06-20,172,5,497,1098.29,1
15922,2010-12-01,2010-12-01,372,2,276,739.0,1
15923,2010-12-02,2010-12-02,372,2,244,254.16,1
15924,2009-12-08,2009-12-08,730,1,103,102.82,1
15925,2011-05-29,2011-05-29,193,2,186,414.3,1
15926,2010-06-15,2010-06-15,541,1,155,134.44,1
15927,2010-03-02,2010-03-02,646,1,66,106.54,1
15928,2010-02-21,2010-02-21,655,1,164,293.53,1
15929,2010-03-05,2010-03-05,643,1,120,594.0,1
15930,2011-10-03,2011-10-03,66,2,278,853.26,0
15931,2010-10-07,2010-10-07,427,1,118,239.9,1
15932,2011-02-23,2011-12-05,3,16,4650,4991.74,0
15933,2011-09-14,2011-11-18,20,6,1770,2214.92,0
15934,2010-10-06,2010-10-18,417,2,2166,2190.66,1
15935,2011-04-12,2011-04-14,238,4,230,833.72,1
15936,2010-08-29,2010-11-25,378,2,211,282.79,1
15937,2011-10-06,2011-10-06,63,2,146,290.7,0
15938,2010-06-01,2011-08-19,111,14,689,1139.39,1
15939,2010-11-30,2011-09-11,89,31,10988,15175.4,0
15940,2011-02-01,2011-02-01,310,2,8,71.6,1
15941,2010-03-12,2010-03-12,636,1,60,405.0,1
15942,2011-07-29,2011-07-29,133,2,464,674.88,1
15943,2010-01-31,2010-02-28,649,2,183,271.29,1
15944,2009-12-13,2011-03-08,276,5,909,2489.34,1
15945,2009-12-01,2010-12-09,364,5,397,827.27,1
15946,2010-03-16,2010-07-25,502,3,1614,2304.18,1
15947,2011-09-18,2011-09-18,82,2,1796,3416.48,0
15948,2010-10-11,2011-12-01,7,5,1419,2464.33,0
15949,2011-09-29,2011-11-23,16,4,568,729.44,0
15950,2010-01-26,2011-11-08,31,14,4073,8865.62,0
15951,2010-11-23,2011-12-01,8,5,733,1721.39,0
15952,2011-04-28,2011-11-06,33,8,782,1563.82,0
15953,2009-12-03,2011-11-24,14,26,2632,5097.62,0
15954,2010-04-29,2010-04-29,588,1,119,190.75,1
15955,2010-02-23,2011-11-15,23,36,6102,12502.24,0
15956,2009-12-13,2010-06-06,550,2,278,617.6,1
15957,2010-10-15,2011-11-08,31,4,664,1350.14,0
15958,2010-06-07,2011-09-26,73,5,187,566.47,0
15959,2010-01-26,2010-01-26,681,3,269,542.89,1
15960,2010-09-30,2010-11-30,373,4,258,410.95,1
15961,2010-11-25,2010-11-25,378,1,154,451.29,1
15962,2010-09-16,2010-09-16,448,1,228,289.48,1
15963,2011-10-25,2011-11-20,19,4,596,941.52,0
15964,2010-02-14,2010-02-14,662,1,93,269.21,1
15965,2009-12-03,2011-11-22,16,17,1747,3580.81,0
15966,2010-09-15,2010-09-15,450,1,275,426.53,1
15967,2009-12-01,2011-11-16,22,14,1388,3363.68,0
15968,2010-11-16,2010-11-16,387,1,247,404.55,1
15969,2010-07-05,2011-12-07,2,8,347,1793.15,0
15970,2010-04-20,2011-02-09,303,3,614,1331.42,1
15971,2009-12-08,2011-11-22,17,30,3968,10102.68,0
15972,2010-04-18,2010-09-09,455,5,468,1769.33,1
15973,2010-10-06,2010-12-08,366,4,301,988.44,1
15974,2011-02-24,2011-10-31,38,14,4524,6884.3,0
15975,2011-09-16,2011-09-16,83,2,486,742.02,0
15976,2010-06-06,2011-06-27,164,8,1328,2122.05,1
15977,2011-10-31,2011-11-22,16,4,2032,2109.46,0
15978,2010-03-05,2011-09-23,76,4,3332,4378.2,0
15979,2010-04-16,2010-04-16,602,1,450,329.22,1
15980,2010-06-01,2011-09-12,88,10,6382,8942.54,0
15981,2010-03-29,2011-11-15,24,29,6693,12771.25,0
15982,2010-04-13,2010-04-13,604,1,131,324.51,1
15983,2009-12-06,2011-11-17,21,12,2758,4575.49,0
15984,2009-12-01,2011-12-07,2,40,7545,11173.65,0
15985,2010-05-27,2011-08-08,122,9,3836,3857.7,1
15986,2010-11-23,2011-11-09,29,3,636,522.54,0
15987,2010-11-25,2011-11-27,11,15,3132,2968.76,0
15988,2010-02-21,2011-11-20,18,4,656,895.67,0
15989,2009-12-02,2010-11-29,375,2,169,368.31,1
15990,2010-02-28,2011-10-26,43,9,1529,2789.86,0
15991,2010-06-23,2010-06-23,533,1,41,150.55,1
15992,2010-09-12,2011-12-06,3,4,531,938.59,0
15993,2011-10-26,2011-12-01,8,14,4074,5555.34,0
15994,2010-03-14,2011-10-16,54,4,635,1589.95,0
15995,2010-10-21,2010-10-21,413,1,352,694.54,1
15996,2010-11-07,2011-09-12,87,13,1023,2418.98,0
15998,2009-12-01,2011-11-03,36,21,7382,11354.36,0
15999,2009-12-04,2009-12-04,735,1,24,20.4,1
16000,2011-12-07,2011-12-07,2,6,10220,24787.4,0
16001,2010-11-23,2010-11-23,380,1,337,583.39,1
16002,2010-03-24,2010-03-24,624,1,70,169.21,1
16003,2009-12-03,2011-11-10,29,15,3395,8349.2,0
16004,2010-01-25,2010-08-22,474,5,1076,2146.39,1
16005,2010-09-15,2011-11-27,11,14,1549,2944.2,0
16006,2010-11-17,2011-05-12,210,3,289,434.22,1
16007,2010-06-14,2011-10-23,47,11,4019,4746.87,0
16008,2010-03-19,2011-11-16,23,18,3560,5817.91,0
16009,2011-07-03,2011-11-17,21,8,732,1944.22,0
16010,2010-10-24,2011-04-08,245,14,1121,2087.26,1
16011,2009-12-01,2011-12-01,7,45,5358,8953.97,0
16012,2010-06-28,2011-11-04,34,8,2559,4393.88,0
16013,2009-12-08,2011-12-06,3,131,41056,93209.04,0
16014,2010-01-31,2011-11-02,37,8,720,1747.11,0
16015,2011-10-21,2011-12-06,3,6,1814,1409.1,0
16016,2010-11-02,2011-12-06,2,19,1483,3548.91,0
16017,2010-01-05,2011-10-23,46,6,737,1757.46,0
16018,2009-12-07,2011-10-31,38,6,693,1107.03,0
16019,2009-12-14,2011-10-24,46,36,8692,21115.4,0
16020,2011-10-05,2011-11-23,16,6,974,1702.02,0
16021,2010-06-13,2010-11-09,394,2,276,487.03,1
16022,2011-03-24,2011-03-24,259,2,510,1205.26,1
16023,2011-03-18,2011-10-24,45,6,716,1439.62,0
16024,2010-10-24,2011-11-27,11,4,901,735.02,0
16025,2011-11-10,2011-11-10,29,2,676,879.32,0
16026,2011-10-27,2011-10-27,42,2,486,472.18,0
16027,2010-01-08,2011-09-09,91,21,3246,2982.98,1
16028,2010-04-23,2010-04-23,595,1,18,82.2,1
16029,2009-12-08,2011-11-01,38,170,94558,198614.46,0
16030,2011-02-03,2011-02-03,309,2,566,662.48,1
16031,2011-04-06,2011-09-08,91,4,842,1095.8,1
16032,2010-07-04,2010-09-09,455,6,1467,1965.72,1
16033,2010-08-11,2011-12-04,5,47,7729,19387.63,0
16034,2010-10-26,2011-05-27,195,9,827,1349.02,1
16035,2010-05-28,2010-05-28,559,1,33,217.73,1
16036,2010-03-29,2011-09-13,86,6,2085,3315.76,0
16037,2010-03-01,2011-03-15,269,8,1194,2364.36,1
16038,2011-05-22,2011-12-02,7,6,488,943.56,0
16039,2010-03-21,2010-10-12,423,2,409,456.4,1
16040,2010-04-09,2011-10-05,64,10,1869,3730.45,0
16041,2011-07-21,2011-11-09,30,6,3168,6332.8,0
16042,2010-09-12,2011-11-17,21,13,2173,3422.79,0
16043,2010-08-15,2011-11-02,37,12,1514,2630.58,0
16044,2010-09-30,2010-09-30,434,1,170,340.84,1
16045,2010-07-29,2011-08-12,119,12,3005,4775.63,1
16046,2010-05-26,2010-05-26,561,1,248,235.78,1
16047,2010-01-26,2010-01-26,681,1,1,107.14,1
16048,2010-06-08,2010-12-01,372,6,569,1075.23,1
16049,2010-07-11,2011-10-30,39,9,1895,2926.96,0
16050,2010-11-03,2011-06-19,173,4,666,438.6,1
16051,2010-01-27,2010-01-27,681,1,80,188.44,1
16052,2011-10-16,2011-10-16,53,2,564,724.12,0
16053,2010-04-08,2011-11-07,32,8,4860,5146.79,0
16054,2010-04-01,2011-07-17,144,5,1171,2895.78,1
16055,2011-05-03,2011-05-03,220,2,44,269.6,1
16056,2011-10-25,2011-10-25,44,2,690,1301.5,0
16057,2010-01-07,2011-11-23,15,17,2554,6117.97,0
16058,2010-10-29,2010-10-29,405,1,18,62.7,1
16059,2010-05-19,2011-10-05,65,18,2072,4506.73,0
16060,2010-08-02,2010-11-04,400,3,243,541.95,1
16061,2010-10-04,2010-10-04,430,1,19,89.65,1
16062,2010-06-21,2011-11-30,9,12,2835,4017.07,0
16063,2011-03-24,2011-03-24,259,2,524,670.64,1
16064,2009-12-14,2009-12-14,724,1,55,109.31,1
16065,2010-09-02,2010-12-09,364,9,1435,2359.27,1
16066,2011-08-07,2011-11-23,16,10,1870,3042.08,0
16067,2010-02-02,2010-05-26,562,3,1236,3269.11,1
16068,2010-04-25,2010-04-25,593,1,48,115.73,1
16069,2010-10-18,2010-10-18,417,1,138,457.7,1
16070,2011-11-07,2011-11-17,21,4,914,1704.3,0
16071,2010-02-22,2011-10-26,44,5,877,1403.04,0
16072,2010-06-08,2011-02-24,287,5,1720,4764.41,1
16073,2011-02-15,2011-02-15,296,2,96,244.8,1
16074,2010-11-14,2010-11-14,389,1,38,252.5,1
16075,2010-05-24,2010-07-25,502,2,271,736.93,1
16076,2011-05-15,2011-12-06,2,20,2870,4469.46,0
16077,2010-03-24,2010-03-24,625,1,840,2300.4,1
16078,2010-02-08,2011-03-01,283,3,216,442.19,1
16079,2011-10-30,2011-11-23,16,6,1728,2704.0,0
16080,2010-09-15,2011-09-19,81,6,426,819.72,0
16081,2010-02-03,2011-10-14,55,13,3650,7078.38,0
16082,2010-02-07,2010-02-07,669,1,39,106.75,1
16083,2010-11-16,2011-08-31,100,6,2422,3669.04,1
16084,2011-02-13,2011-02-13,298,2,432,872.36,1
16085,2010-01-20,2011-11-16,22,17,2018,3322.54,0
16086,2009-12-02,2011-10-11,58,15,1961,3809.12,0
16087,2010-01-19,2010-11-15,388,5,664,1739.92,1
16088,2010-04-27,2010-05-13,575,2,373,1437.43,1
16089,2010-07-18,2010-11-18,385,2,119,263.49,1
16090,2010-03-25,2010-03-25,623,1,58,180.56,1
16091,2011-05-25,2011-07-08,154,4,308,630.12,1
16092,2010-05-09,2011-08-17,114,9,1816,2405.8,1
16093,2011-08-25,2011-08-25,106,2,40,34.0,1
16094,2010-04-16,2011-11-28,11,15,2667,4773.79,0
16095,2010-09-09,2010-09-09,455,1,265,447.05,1
16096,2010-03-04,2011-03-20,263,5,855,1905.59,1
16097,2011-04-13,2011-04-13,239,2,174,370.1,1
16098,2009-12-15,2011-09-13,87,21,2621,6016.33,0
16099,2010-03-03,2011-10-20,49,10,1394,2305.1,0
16100,2010-09-03,2010-09-03,462,1,438,582.64,1
16101,2010-05-27,2011-09-30,70,5,2601,4519.86,0
16102,2011-08-03,2011-10-28,41,6,1884,3684.28,0
16103,2010-01-08,2011-12-02,6,28,3197,7621.35,0
16104,2009-12-06,2011-10-09,61,10,1169,3072.67,0
16105,2010-04-14,2011-04-05,248,6,2455,2723.15,1
16106,2011-10-05,2011-10-05,65,2,148,216.76,0
16107,2011-06-09,2011-11-22,17,14,2352,6408.32,0
16108,2010-03-18,2011-09-16,84,5,2088,3078.42,0
16109,2010-01-10,2011-05-05,218,5,1704,1551.36,1
16110,2010-07-05,2011-10-25,44,7,1600,3102.54,0
16111,2010-10-07,2010-10-07,427,1,233,549.33,1
16112,2011-01-05,2011-07-19,142,8,1148,391.48,1
16113,2011-06-09,2011-06-09,182,2,352,322.76,1
16114,2011-06-22,2011-06-22,170,2,86,271.5,1
16115,2010-05-14,2011-11-30,9,20,2583,4214.68,0
16116,2011-05-12,2011-05-12,211,2,496,1225.56,1
16117,2010-04-27,2011-06-03,189,4,451,886.61,1
16118,2010-02-25,2010-02-25,652,1,2851,4376.25,1
16119,2009-12-16,2011-12-01,7,10,1051,2144.17,0
16120,2010-10-13,2011-10-11,58,10,3039,4276.65,0
16121,2010-05-23,2011-10-13,56,7,1455,2304.7,0
16122,2010-10-10,2011-09-27,72,10,2408,1580.04,0
16123,2011-10-19,2011-10-19,51,2,340,615.56,0
16124,2009-12-07,2011-01-26,316,5,845,2021.49,1
16125,2009-12-14,2010-12-07,366,15,1943,4581.7,1
16126,2009-12-02,2011-11-10,28,19,8265,20932.37,0
16127,2009-12-13,2011-10-31,38,3,714,1457.56,0
16128,2010-07-16,2011-11-22,17,16,3433,5681.27,0
16129,2010-07-20,2010-10-28,406,3,1261,1396.05,1
16130,2010-04-01,2010-10-13,421,4,296,987.48,1
16131,2009-12-02,2011-10-19,51,18,6570,13463.96,0
16132,2010-03-22,2010-06-13,543,2,280,664.2,1
16133,2010-03-31,2011-12-06,3,89,22540,37581.3,0
16134,2010-06-17,2011-11-18,21,7,2008,2763.43,0
16135,2010-05-05,2011-03-22,262,3,604,1337.0,1
16136,2010-02-14,2011-10-11,59,7,1114,1656.18,0
16137,2010-01-28,2010-01-28,679,1,210,422.7,1
16138,2010-04-28,2010-11-26,378,3,774,910.35,1
16139,2009-12-03,2011-11-21,18,8,932,1746.56,0
16140,2010-09-24,2011-10-05,65,5,2002,2158.64,0
16141,2010-10-18,2011-09-12,87,3,648,1576.34,0
16142,2011-04-04,2011-04-04,249,2,844,1070.68,1
16143,2009-12-10,2011-12-06,2,18,2785,6980.02,0
16144,2011-04-07,2011-04-07,246,2,32,350.4,1
16145,2010-05-04,2011-12-01,8,30,8393,10604.93,0
16146,2010-09-17,2011-07-05,156,7,971,1680.51,1
16147,2010-02-05,2011-07-29,133,6,1641,2773.91,1
16148,2010-09-29,2011-02-16,295,3,322,462.94,1
16149,2010-10-06,2011-12-05,4,5,906,702.74,0
16150,2009-12-17,2011-10-28,42,15,3037,6055.19,0
16152,2011-03-16,2011-03-16,268,2,1284,3658.08,1
16153,2010-05-26,2011-10-21,49,16,4766,6957.72,0
16155,2010-06-18,2010-11-23,381,5,495,796.9,1
16156,2009-12-02,2011-12-01,8,29,4478,9280.22,0
16157,2011-09-28,2011-11-24,15,6,694,1313.38,0
16158,2009-12-05,2010-07-05,521,9,182,628.32,1
16159,2009-12-03,2011-03-03,281,5,871,1580.99,1
16160,2011-09-15,2011-10-05,64,4,2324,2050.88,0
16161,2010-02-08,2011-12-08,1,62,8838,18113.73,0
16162,2011-04-01,2011-04-01,251,2,8,74.8,1
16163,2009-12-02,2011-04-21,231,8,868,3264.58,1
16164,2011-10-28,2011-11-22,16,6,866,1644.96,0
16165,2010-07-22,2010-07-22,504,1,2,79.9,1
16166,2010-01-17,2010-10-07,427,2,173,435.83,1
16167,2009-12-01,2010-10-21,413,5,1494,1386.12,1
16168,2009-12-03,2011-11-29,10,93,6867,14148.27,0
16169,2011-09-25,2011-12-01,7,8,2650,3645.94,0
16170,2010-02-18,2011-10-20,50,26,7826,8754.05,0
16171,2011-10-11,2011-10-11,58,2,48,146.4,0
16172,2010-07-14,2011-09-05,94,13,2206,3024.76,1
16173,2011-09-02,2011-11-24,15,12,1150,2836.64,0
16174,2010-04-15,2011-08-05,125,10,2082,3256.3,1
16175,2010-05-25,2011-09-06,93,11,1465,2874.03,1
16176,2010-03-29,2010-10-14,420,4,952,2052.69,1
16177,2010-03-02,2011-10-20,49,9,1116,2579.26,0
16178,2010-11-03,2011-07-24,137,3,398,810.5,1
16179,2011-10-10,2011-10-10,60,2,198,431.66,0
16180,2010-06-23,2011-08-31,99,21,15680,26504.05,1
16181,2011-09-27,2011-09-27,72,2,304,611.08,0
16182,2010-03-09,2011-09-28,71,13,9678,16589.3,0
16183,2010-10-28,2011-10-03,66,5,464,1416.52,0
16184,2011-05-12,2011-10-06,63,12,1122,2317.58,0
16185,2010-05-24,2011-11-23,16,5,581,1174.13,0
16186,2009-12-09,2011-11-17,22,38,9614,12725.37,0
16187,2011-02-28,2011-11-08,31,30,10096,13822.88,0
16188,2010-10-27,2011-10-26,44,9,1620,2069.52,0
16189,2011-09-15,2011-11-24,15,4,268,430.96,0
16190,2009-12-14,2011-10-30,39,9,1319,2938.63,0
16191,2009-12-11,2011-12-07,2,37,12699,20858.34,0
16192,2009-12-04,2009-12-04,735,1,208,351.3,1
16193,2010-10-25,2011-04-17,236,3,598,944.88,1
16194,2010-11-29,2010-11-29,374,1,140,308.6,1
16195,2009-12-16,2009-12-16,722,1,123,323.25,1
16196,2010-08-08,2010-08-08,488,1,26,93.3,1
16197,2009-12-16,2010-08-27,468,9,1420,2016.71,1
16198,2010-09-28,2011-09-25,74,3,513,1430.72,0
16199,2010-03-18,2010-11-12,391,7,321,942.75,1
16200,2009-12-02,2011-12-05,3,14,3584,6676.97,0
16201,2010-10-20,2011-12-06,2,9,2707,3975.59,0
16202,2009-12-02,2010-12-14,360,10,1498,2867.26,1
16203,2010-07-23,2011-10-12,58,10,799,1536.74,0
16204,2009-12-08,2011-11-16,22,4,889,1302.89,0
16205,2010-06-15,2011-11-09,30,11,1968,2577.74,0
16206,2010-01-24,2011-10-16,54,17,1651,3126.93,0
16207,2011-11-14,2011-11-14,24,2,280,788.76,0
16208,2010-02-24,2011-10-26,44,12,1874,4104.71,0
16209,2010-06-11,2011-09-12,88,14,3074,6409.4,0
16210,2009-12-02,2011-12-08,1,53,19956,54837.27,0
16211,2010-09-27,2011-09-12,88,4,673,1637.61,0
16212,2010-02-07,2011-11-20,18,6,815,1984.05,0
16213,2011-09-22,2011-09-22,78,2,96,318.0,0
16214,2010-09-30,2011-06-22,170,7,1728,3101.0,1
16215,2011-09-20,2011-09-20,80,2,208,484.7,0
16216,2011-03-17,2011-03-17,266,2,508,1829.86,1
16217,2011-03-02,2011-04-18,234,4,182,608.5,1
16218,2010-05-27,2011-11-10,29,20,4887,7053.35,0
16219,2010-07-27,2010-07-27,500,1,48,40.8,1
16221,2010-08-10,2011-11-03,36,12,2163,2880.78,0
16222,2009-12-18,2011-01-25,317,3,788,2045.6,1
16223,2010-11-09,2010-11-30,374,2,643,1087.05,1
16224,2010-11-17,2011-10-13,56,9,2671,2911.84,0
16225,2010-02-07,2011-10-26,44,20,1774,3955.63,0
16226,2010-10-22,2011-05-20,202,8,713,927.29,1
16227,2010-06-22,2011-04-28,224,4,526,1341.44,1
16228,2010-11-04,2010-11-19,384,3,555,885.71,1
16229,2010-05-24,2011-09-13,86,8,1610,3878.46,0
16230,2011-05-03,2011-06-03,189,4,730,1084.06,1
16231,2010-04-21,2010-11-25,378,4,563,1074.47,1
16232,2010-06-07,2011-10-27,43,11,2399,3703.85,0
16233,2009-12-02,2011-09-29,70,12,851,2354.99,0
16234,2010-05-27,2010-08-20,475,3,170,333.18,1
16235,2010-08-26,2011-10-30,40,14,1118,2921.02,0
16236,2011-09-22,2011-09-22,77,2,368,864.4,0
16237,2010-09-28,2010-09-28,436,1,57,136.65,1
16238,2010-10-13,2010-10-13,422,1,85,63.66,1
16239,2010-09-02,2011-10-14,56,8,920,1906.4,0
16240,2011-09-23,2011-11-15,23,4,3282,7437.6,0
16241,2010-10-25,2011-11-30,9,29,3701,6583.17,0
16242,2010-03-15,2011-12-01,7,21,5890,10984.51,0
16243,2011-10-16,2011-11-06,33,4,220,818.2,0
16244,2010-12-02,2011-05-12,211,4,1710,3045.5,1
16245,2011-03-28,2011-11-16,23,6,2028,2827.32,0
16246,2010-02-08,2010-09-06,459,2,336,821.35,1
16247,2011-06-22,2011-06-22,169,2,364,229.12,1
16248,2011-10-09,2011-10-09,61,2,156,305.88,0
16249,2011-04-14,2011-10-18,52,10,1900,3600.14,0
16250,2010-11-18,2011-03-23,260,5,476,954.68,1
16251,2010-07-15,2010-07-15,511,1,44,128.31,1
16252,2010-11-22,2010-11-22,382,1,158,295.09,1
16253,2009-12-08,2011-10-04,66,9,9263,10956.06,0
16254,2010-03-17,2010-11-26,377,3,543,967.44,1
16255,2010-01-24,2011-11-23,16,23,4643,7149.91,0
16256,2010-04-21,2011-03-18,266,4,2171,2381.8,1
16257,2011-06-16,2011-06-16,176,2,4,93.9,1
16258,2010-03-10,2011-10-25,44,20,10194,17146.03,0
16259,2010-04-13,2010-10-25,409,3,143,340.94,1
16260,2011-10-20,2011-10-20,50,2,622,2070.9,0
16261,2010-09-23,2011-11-22,16,10,755,1769.7,0
16262,2010-11-26,2010-11-26,377,1,446,755.15,1
16263,2010-10-12,2010-10-12,422,1,197,348.16,1
16264,2010-09-19,2010-09-27,437,2,616,823.53,1
16265,2010-10-28,2011-11-30,8,21,5860,12382.17,0
16266,2010-02-04,2011-09-27,73,21,1189,2619.84,0
16267,2010-04-27,2010-04-27,590,1,198,186.66,1
16268,2011-09-29,2011-09-29,70,4,1066,1335.3,0
16269,2010-09-28,2010-09-28,437,1,579,717.57,1
16270,2010-12-21,2010-12-21,352,2,1376,2282.48,1
16271,2010-03-07,2011-12-07,2,15,3383,4802.46,0
16272,2011-08-15,2011-08-15,116,2,448,823.4,1
16273,2010-02-21,2010-03-01,647,2,40,318.34,1
16274,2010-12-01,2010-12-01,372,2,306,703.5,1
16275,2010-03-08,2011-05-27,196,4,1604,2710.98,1
16276,2010-04-11,2011-06-16,176,4,1887,3439.99,1
16277,2009-12-06,2009-12-06,733,1,33,188.69,1
16278,2010-07-28,2011-08-31,99,4,456,1684.22,1
16279,2010-04-22,2011-11-18,20,12,4729,7201.06,0
16280,2009-12-14,2009-12-14,724,1,101,238.05,1
16281,2010-01-26,2011-09-28,71,4,2504,5486.08,0
16282,2009-12-21,2011-01-04,339,4,904,1475.88,1
16283,2010-02-28,2011-12-04,5,13,4103,5921.13,0
16284,2010-11-11,2011-11-08,30,5,1209,1831.16,0
16285,2010-03-03,2010-03-03,645,1,60,176.9,1
16286,2010-03-26,2010-08-19,476,2,101,328.95,1
16287,2010-01-19,2011-06-23,169,6,1724,1149.48,1
16288,2010-08-26,2010-08-26,469,1,19,129.85,1
16289,2010-09-03,2010-09-03,461,1,97,136.31,1
16290,2010-05-23,2010-09-01,464,4,957,1957.7,1
16291,2010-01-26,2010-01-26,681,1,1,117.72,1
16292,2010-04-14,2011-08-10,121,6,879,1556.01,1
16293,2009-12-11,2011-11-18,21,25,2815,6528.19,0
16294,2010-08-20,2010-08-20,476,1,54,126.05,1
16295,2011-10-06,2011-11-30,9,8,1682,2657.1,0
16296,2009-12-18,2010-03-23,625,4,645,1313.67,1
16297,2011-03-16,2011-03-16,268,2,412,603.8,1
16298,2010-09-23,2011-11-17,22,10,506,1683.9,0
16299,2010-08-19,2010-08-19,476,1,107,193.65,1
16300,2010-02-02,2010-10-05,429,3,643,1367.32,1
16301,2009-12-03,2009-12-03,736,1,41,107.33,1
16302,2011-08-05,2011-08-05,126,2,316,466.44,1
16303,2010-03-18,2011-11-14,25,10,6518,13288.9,0
16304,2010-01-14,2010-01-14,694,1,228,381.66,1
16305,2011-07-24,2011-07-24,138,2,512,722.44,1
16306,2010-10-01,2011-05-10,213,13,1199,1756.99,1
16307,2010-05-11,2010-10-06,428,3,1123,1194.92,1
16308,2009-12-15,2011-11-02,37,11,24000,7680.0,0
16309,2011-04-13,2011-08-25,105,4,934,1413.14,1
16310,2010-03-07,2010-10-21,413,2,270,460.08,1
16311,2011-10-21,2011-11-22,17,4,788,1232.52,0
16312,2010-10-03,2010-10-03,431,1,53,171.15,1
16313,2011-10-21,2011-12-06,2,4,330,548.3,0
16314,2010-08-24,2010-11-15,389,3,636,1491.4,1
16315,2010-06-21,2011-01-13,330,3,218,629.08,1
16316,2010-08-03,2011-10-06,63,21,4541,8683.82,0
16317,2010-05-04,2011-08-12,119,8,2126,3534.16,1
16318,2011-11-04,2011-11-04,34,2,398,656.3,0
16319,2011-05-06,2011-05-06,217,2,144,808.8,1
16320,2010-01-27,2011-06-20,171,8,4051,6667.45,1
16321,2009-12-01,2011-09-28,71,12,394,978.2,0
16322,2011-11-03,2011-12-08,0,4,462,653.5,0
16323,2010-05-11,2011-05-27,195,3,196,561.16,1
16324,2011-06-15,2011-08-03,127,6,540,817.18,1
16325,2009-12-04,2011-10-24,46,15,2658,4191.74,0
16326,2010-01-28,2011-12-04,5,38,1765,7760.47,0
16327,2009-12-14,2011-11-25,13,22,10684,13979.91,0
16328,2010-05-25,2010-05-25,562,1,141,310.83,1
16329,2009-12-01,2010-10-08,427,4,797,1664.92,1
16330,2010-02-15,2011-11-22,17,10,473,877.29,0
16331,2010-03-07,2010-10-03,431,6,756,2037.7,1
16332,2010-04-29,2011-11-11,27,18,1925,3582.81,0
16333,2011-02-03,2011-12-02,7,44,64368,53253.6,0
16334,2010-08-04,2010-08-04,491,1,206,263.73,1
16335,2009-12-04,2010-06-06,551,7,1004,2753.52,1
16336,2010-03-18,2010-10-15,420,4,1473,3517.69,1
16337,2011-11-03,2011-11-03,36,2,174,302.1,0
16338,2011-07-05,2011-07-05,156,2,188,429.6,1
16339,2011-02-28,2011-02-28,283,2,42,188.1,1
16340,2010-06-06,2011-08-24,106,4,1805,2030.55,1
16341,2010-04-09,2011-11-15,24,11,4420,5822.66,0
16342,2011-06-13,2011-09-25,74,8,314,644.82,0
16343,2010-10-28,2011-11-23,15,5,520,942.7,0
16344,2010-02-09,2011-07-04,157,5,724,943.52,1
16345,2010-08-13,2011-10-26,43,3,899,1744.25,0
16346,2010-11-19,2010-11-19,384,1,289,224.51,1
16347,2010-03-12,2011-11-28,10,13,2056,4290.41,0
16348,2010-10-05,2011-11-07,31,15,1969,3160.07,0
16349,2011-02-22,2011-02-22,290,2,18,107.0,1
16350,2010-10-07,2011-11-18,20,13,1622,3370.36,0
16351,2009-12-04,2011-01-11,332,14,2255,3483.93,1
16352,2011-11-02,2011-11-22,17,4,600,988.88,0
16353,2009-12-07,2011-12-06,3,61,5489,16471.17,0
16354,2010-04-27,2011-10-07,62,7,742,1515.26,0
16355,2010-11-29,2010-11-29,374,1,179,416.35,1
16356,2010-06-06,2011-05-26,197,9,283,627.64,1
16357,2010-11-23,2011-11-06,32,7,635,1527.25,0
16358,2010-11-10,2011-12-08,0,9,3367,4947.15,0
16359,2010-02-16,2011-12-02,6,25,2947,4448.67,0
16360,2011-09-12,2011-12-05,4,12,4220,6900.82,0
16361,2011-09-29,2011-11-30,9,8,836,1782.42,0
16362,2010-09-28,2011-11-07,31,11,807,1632.15,0
16363,2011-10-17,2011-10-17,52,2,104,218.72,0
16364,2011-07-25,2011-11-28,11,4,558,1411.58,0
16365,2009-12-11,2011-11-22,17,24,1538,4707.76,0
16366,2009-12-16,2011-11-21,18,5,1138,1875.43,0
16367,2010-11-21,2011-11-02,36,5,1746,2151.15,0
16368,2010-09-30,2011-12-07,1,5,558,1101.35,0
16369,2010-04-07,2011-11-21,17,10,2619,4201.97,0
16370,2011-04-28,2011-09-18,81,8,1280,2603.82,0
16371,2010-09-17,2010-09-17,448,1,108,157.2,1
16372,2010-04-11,2011-11-06,32,7,880,1646.04,0
16373,2010-10-24,2010-11-22,381,2,119,309.49,1
16374,2010-04-30,2011-10-04,65,7,1008,2190.13,0
16375,2010-08-26,2010-08-26,469,2,74,104.0,1
16376,2011-11-22,2011-12-01,8,4,1382,1949.92,0
16377,2010-04-01,2011-03-17,266,3,4428,1984.68,1
16378,2011-02-02,2011-04-06,246,6,534,725.9,1
16379,2011-09-22,2011-12-05,3,8,2820,4314.8,0
16380,2011-10-09,2011-10-09,60,2,2856,3486.3,0
16381,2010-10-17,2010-11-09,395,2,108,247.85,1
16382,2010-06-07,2010-10-27,407,2,167,353.1,1
16383,2010-02-04,2011-09-26,74,9,2063,3540.45,0
16384,2010-04-28,2011-09-11,89,6,1121,1943.45,0
16385,2010-03-18,2011-10-10,59,8,734,1436.21,0
16386,2010-11-17,2011-11-11,28,5,905,1370.73,0
16387,2010-03-11,2011-01-21,322,6,492,976.82,1
16388,2010-02-24,2010-02-24,653,1,83,186.05,1
16389,2011-03-01,2011-10-17,52,8,2484,2764.14,0
16390,2010-01-29,2010-06-21,536,3,122,467.5,1
16391,2010-05-27,2010-11-04,400,4,715,1052.26,1
16392,2010-05-27,2011-03-15,269,4,805,974.59,1
16393,2009-12-01,2011-12-07,1,36,4574,8338.73,0
16394,2011-02-23,2011-10-14,56,10,5208,3110.68,0
16395,2009-12-06,2011-10-10,60,19,4373,5000.47,0
16396,2010-08-20,2010-08-20,475,1,80,137.8,1
16397,2010-03-21,2010-03-21,627,1,43,123.13,1
16398,2011-03-31,2011-07-08,153,4,1516,3411.6,1
16399,2010-11-15,2011-11-20,18,5,715,1038.24,0
16400,2009-12-08,2011-09-06,94,10,2238,3363.78,1
16401,2010-06-02,2011-12-08,0,35,9917,10947.47,0
16402,2010-12-05,2011-03-20,264,4,292,586.9,1
16403,2011-01-31,2011-01-31,311,2,228,355.0,1
16404,2011-09-30,2011-09-30,69,2,314,886.1,0
16405,2011-02-02,2011-02-10,301,4,374,334.5,1
16406,2010-02-24,2011-11-21,18,4,373,682.71,0
16407,2010-10-03,2011-11-27,12,24,2541,4841.33,0
16408,2010-04-27,2010-04-27,590,1,227,231.93,1
16409,2009-12-13,2011-11-03,35,17,4968,7675.72,0
16410,2009-12-05,2009-12-05,733,1,348,130.32,1
16411,2010-10-07,2011-11-20,18,6,592,968.09,0
16412,2010-02-04,2011-10-17,53,6,351,729.18,0
16413,2010-11-29,2011-10-14,56,3,431,784.23,0
16414,2010-01-14,2011-11-18,21,7,228,677.46,0
16415,2010-02-01,2011-10-26,43,4,686,897.03,0
16416,2010-02-23,2011-11-13,26,12,2870,4009.28,0
16417,2010-08-04,2010-08-04,492,1,6,35.7,1
16418,2010-10-13,2011-10-26,44,8,844,1659.86,0
16419,2010-02-09,2011-08-19,112,14,1129,2422.41,1
16420,2010-11-08,2010-11-08,395,1,120,75.0,1
16421,2010-08-27,2010-11-28,375,3,123,526.27,1
16422,2010-01-12,2011-11-22,16,160,97929,96605.27,0
16423,2011-11-15,2011-11-15,24,2,460,692.24,0
16424,2010-11-22,2011-06-01,190,3,300,576.62,1
16425,2011-02-10,2011-02-10,301,2,398,605.4,1
16426,2011-03-08,2011-12-07,1,20,2430,3727.52,0
16427,2011-02-28,2011-03-21,262,4,312,482.12,1
16428,2010-07-30,2010-10-22,413,3,575,638.49,1
16429,2011-08-25,2011-08-25,105,2,18,569.1,1
16430,2010-01-27,2011-10-13,56,8,410,1418.79,0
16431,2011-02-15,2011-05-10,212,6,884,1246.56,1
16432,2011-10-06,2011-10-06,63,2,552,574.8,0
16433,2010-10-27,2011-11-11,27,3,320,568.78,0
16434,2010-01-17,2011-11-10,28,19,2070,4185.49,0
16435,2010-07-13,2010-07-15,511,3,608,1003.07,1
16436,2009-12-06,2010-02-09,667,3,227,319.14,1
16437,2010-10-06,2010-11-23,380,2,197,301.25,1
16438,2011-09-18,2011-12-04,5,10,926,1596.7,0
16439,2009-12-17,2009-12-17,721,1,74,310.7,1
16440,2010-08-03,2011-12-02,7,11,4126,7497.64,0
16441,2010-03-22,2011-10-03,66,7,651,1400.33,0
16442,2009-12-13,2011-12-08,1,8,1023,1501.28,0
16443,2010-07-07,2010-07-07,520,1,96,162.24,1
16444,2010-03-24,2011-10-24,45,21,2352,4280.55,0
16445,2010-10-24,2011-11-06,33,5,398,813.67,0
16446,2011-05-18,2011-12-09,0,4,161994,336945.0,0
16447,2010-02-17,2011-07-27,135,4,536,983.01,1
16448,2010-08-25,2011-05-25,197,3,252,544.11,1
16449,2011-03-04,2011-05-26,197,4,734,1415.38,1
16450,2010-02-21,2011-07-13,149,4,881,1817.65,1
16451,2009-12-04,2011-09-13,87,4,644,1280.12,0
16452,2010-01-15,2010-03-19,630,2,199,332.17,1
16453,2010-06-09,2010-06-27,530,2,139,251.71,1
16454,2010-04-07,2011-10-26,44,6,12,37.85,0
16455,2010-03-30,2011-10-07,63,18,3839,5836.75,0
16456,2010-03-29,2011-09-01,98,18,4443,8159.12,1
16457,2011-05-05,2011-05-05,217,2,280,416.72,1
16458,2010-05-26,2011-12-07,2,48,5549,9173.63,0
16459,2009-12-10,2009-12-10,729,1,59,71.79,1
16460,2011-09-19,2011-11-11,27,6,1752,1622.46,0
16461,2010-03-03,2011-06-15,177,4,981,1688.75,1
16462,2011-03-01,2011-09-27,73,6,32,272.0,0
16463,2011-05-19,2011-11-18,20,8,2326,2844.8,0
16464,2011-07-20,2011-11-20,19,6,1904,2597.32,0
16465,2010-09-21,2010-10-15,420,2,504,746.24,1
16466,2010-03-07,2011-11-06,33,22,2562,5363.05,0
16467,2009-12-02,2010-07-19,508,7,7384,2869.16,1
16468,2010-08-15,2011-09-26,73,4,402,862.42,0
16469,2010-07-13,2011-11-16,23,9,592,1429.32,0
16470,2009-12-11,2011-10-19,51,15,1857,3169.62,0
16471,2010-02-25,2011-03-10,274,5,811,1413.93,1
16472,2010-04-21,2010-10-01,433,2,252,789.6,1
16473,2010-11-30,2011-06-28,164,7,492,786.94,1
16474,2011-07-17,2011-12-02,6,14,1818,3621.3,0
16475,2011-03-11,2011-09-12,87,8,638,1088.6,0
16476,2010-10-04,2010-10-04,431,1,187,350.35,1
16477,2010-08-12,2011-10-07,63,18,3922,6588.83,0
16478,2011-10-05,2011-11-14,24,6,448,662.0,0
16479,2011-11-29,2011-11-29,9,4,204,601.66,0
16480,2011-09-25,2011-09-25,75,2,910,1538.58,0
16481,2010-01-26,2010-01-26,681,1,201,453.38,1
16482,2011-11-24,2011-11-24,15,2,692,441.24,0
16483,2011-05-31,2011-05-31,191,2,88,278.7,1
16484,2011-06-02,2011-06-19,173,4,400,808.6,1
16485,2009-12-06,2011-09-23,76,6,1388,2650.84,0
16486,2010-06-20,2010-06-20,537,1,24,134.36,1
16487,2010-02-18,2010-05-11,576,2,163,209.4,1
16488,2011-07-14,2011-11-06,32,6,1456,997.6,0
16489,2010-09-29,2010-11-24,379,2,38,303.7,1
16490,2010-09-29,2010-09-29,435,1,113,205.41,1
16491,2010-10-22,2011-10-24,46,3,1538,2264.66,0
16492,2010-06-17,2010-06-17,540,1,235,385.56,1
16493,2010-03-26,2011-09-21,79,11,3152,3483.72,0
16494,2011-02-16,2011-02-16,296,2,1350,1653.06,1
16495,2011-03-08,2011-12-06,2,6,656,1296.52,0
16496,2010-07-18,2011-12-01,8,9,2875,3930.29,0
16497,2009-12-03,2011-10-21,49,29,4446,9660.97,0
16498,2011-06-30,2011-07-01,160,4,90,201.94,1
16499,2010-06-11,2010-12-14,359,10,1491,2943.79,1
16500,2010-06-14,2011-12-05,4,15,509,1244.77,0
16501,2010-11-21,2010-11-21,382,1,628,1191.23,1
16502,2010-03-29,2010-03-29,619,2,220,258.55,1
16503,2010-06-21,2011-08-25,106,15,2104,5046.27,1
16504,2011-11-14,2011-11-14,24,2,1020,931.76,0
16505,2011-11-08,2011-11-08,31,2,1152,1555.2,0
16506,2011-10-30,2011-11-20,19,4,84,180.6,0
16507,2010-05-16,2010-05-16,571,1,111,142.71,1
16508,2010-03-19,2010-03-19,629,1,103,240.95,1
16509,2011-02-16,2011-02-16,296,2,128,727.4,1
16510,2010-01-17,2010-12-02,371,7,1022,2025.6,1
16511,2010-03-01,2011-11-18,21,9,1174,2678.82,0
16513,2011-10-27,2011-12-05,4,8,814,1749.18,0
16515,2010-06-17,2011-10-18,51,15,2399,4803.2,0
16516,2011-11-09,2011-11-09,29,2,116,203.4,0
16517,2011-03-07,2011-03-07,276,2,192,325.4,1
16518,2010-06-01,2011-10-09,60,6,851,1443.69,0
16519,2010-03-01,2011-11-14,24,6,204,654.14,0
16520,2010-03-02,2011-06-06,185,9,1603,3194.95,1
16521,2010-03-01,2010-10-20,414,3,1014,1140.11,1
16522,2010-09-15,2010-09-30,435,2,212,433.36,1
16523,2010-01-24,2011-12-08,1,49,9244,21334.8,0
16524,2010-01-17,2010-09-19,445,2,259,306.19,1
16525,2009-12-02,2011-12-07,1,74,21827,37178.75,0
16526,2010-05-04,2011-06-21,171,3,385,1007.57,1
16527,2010-10-11,2011-09-19,80,3,814,1461.0,0
16528,2011-12-06,2011-12-06,3,2,342,488.82,0
16529,2010-06-27,2011-06-02,189,5,937,2442.05,1
16530,2010-02-09,2010-02-09,667,1,17,48.35,1
16531,2010-09-24,2011-11-17,21,18,2778,3542.92,0
16532,2010-03-29,2011-11-22,17,8,4560,15505.44,0
16533,2011-10-02,2011-11-20,18,6,1222,2165.62,0
16534,2010-03-07,2010-03-07,641,1,168,635.9,1
16535,2010-01-28,2011-12-04,4,4,1020,1565.79,0
16536,2011-08-21,2011-08-21,109,2,500,1096.24,1
16537,2010-03-08,2010-03-08,640,1,59,23.35,1
16538,2010-04-23,2010-06-16,540,3,254,395.07,1
16539,2010-06-25,2011-12-07,2,14,1491,4678.47,0
16540,2010-10-21,2010-10-21,413,1,105,205.75,1
16541,2009-12-04,2009-12-04,734,1,173,424.03,1
16542,2010-11-03,2011-10-17,53,3,188,376.94,0
16543,2010-04-27,2010-04-27,591,1,317,292.21,1
16544,2010-02-15,2010-07-08,519,4,150,376.7,1
16545,2010-11-29,2011-06-28,164,3,400,1029.12,1
16546,2010-09-23,2011-02-22,290,7,4760,6094.22,1
16547,2010-06-11,2010-06-11,545,1,108,104.26,1
16548,2010-04-19,2010-04-19,598,1,6,30.15,1
16549,2010-03-28,2011-11-29,9,44,9381,16816.7,0
16550,2009-12-02,2011-08-23,108,23,6945,11112.55,1
16551,2009-12-13,2011-09-05,95,10,3046,3159.24,1
16552,2010-12-01,2011-04-11,242,4,438,759.46,1
16553,2010-02-11,2011-06-29,162,45,21027,22303.83,1
16554,2009-12-15,2011-10-28,41,11,1748,3678.82,0
16555,2010-07-22,2011-11-04,34,8,1991,2201.57,0
16556,2009-12-07,2011-10-04,66,24,6243,11326.37,0
16557,2011-07-25,2011-11-15,23,4,222,563.7,0
16558,2009-12-03,2011-12-09,0,58,13190,21642.6,0
16559,2010-11-07,2010-11-07,396,1,61,175.0,1
16560,2009-12-08,2011-11-13,26,10,2103,3889.79,0
16561,2011-10-11,2011-12-04,5,4,488,1022.24,0
16562,2010-08-20,2010-08-20,476,1,264,223.86,1
16563,2009-12-01,2011-10-17,53,7,3070,5490.3,0
16564,2010-05-19,2010-05-19,568,1,40,87.8,1
16565,2010-06-02,2010-12-10,363,5,257,946.75,1
16566,2011-02-20,2011-11-24,14,10,724,1229.32,0
16567,2011-01-07,2011-05-29,193,4,1992,1731.2,1
16568,2010-03-08,2010-10-08,427,2,366,1020.9,1
16569,2009-12-16,2011-12-06,2,6,1081,1579.43,0
16570,2010-03-30,2011-11-24,14,30,6404,11172.71,0
16571,2010-03-18,2011-11-13,26,13,4942,5670.43,0
16572,2011-03-09,2011-08-04,126,6,1064,2019.2,1
16573,2011-02-22,2011-09-16,84,4,720,1327.22,0
16574,2010-02-19,2011-09-29,70,4,1418,1753.22,0
16576,2010-07-06,2010-10-15,419,2,323,540.87,1
16577,2010-02-11,2010-02-11,666,1,142,380.0,1
16578,2010-03-23,2010-03-23,625,1,108,156.6,1
16579,2010-10-10,2010-10-10,425,1,119,295.05,1
16581,2011-06-10,2011-06-10,182,2,268,211.68,1
16582,2011-08-18,2011-08-18,112,2,328,627.24,1
16583,2010-02-04,2010-12-01,373,3,264,531.4,1
16584,2010-02-16,2011-09-20,79,7,2559,4092.25,0
16585,2010-01-13,2010-04-25,593,2,151,341.59,1
16586,2010-03-14,2011-04-05,248,4,443,1926.73,1
16587,2011-04-21,2011-04-21,231,2,142,450.3,1
16588,2010-05-14,2010-11-18,385,4,882,1361.28,1
16589,2010-09-15,2011-09-29,70,7,904,1071.6,0
16590,2010-10-21,2010-11-04,400,2,240,605.9,1
16591,2011-10-02,2011-10-02,68,2,82,427.0,0
16592,2009-12-18,2011-12-05,3,44,8431,11921.59,0
16593,2009-12-05,2011-10-20,50,11,493,1401.17,0
16594,2011-09-25,2011-09-25,74,2,128,362.18,0
16595,2010-01-17,2011-10-09,60,6,1666,2117.91,0
16596,2009-12-10,2011-11-24,15,6,277,709.13,0
16597,2011-12-05,2011-12-05,3,2,368,180.08,0
16598,2011-02-27,2011-02-27,285,2,146,290.1,1
16599,2010-11-19,2010-11-19,385,1,159,172.8,1
16600,2009-12-18,2011-12-05,3,19,3565,2966.93,0
16601,2010-03-26,2011-10-30,40,4,524,919.7,0
16602,2010-11-16,2011-11-03,35,3,765,1291.41,0
16603,2011-09-09,2011-09-26,74,4,960,964.94,0
16604,2010-05-20,2010-05-26,562,2,175,432.45,1
16605,2009-12-15,2009-12-15,723,1,144,60.48,1
16606,2010-10-01,2010-10-31,403,2,148,357.66,1
16607,2010-04-29,2011-11-22,17,39,7295,9054.58,0
16608,2010-02-14,2010-09-12,453,2,612,1286.62,1
16609,2011-04-01,2011-11-24,14,14,4840,10986.92,0
16610,2011-05-04,2011-05-04,218,2,132,151.32,1
16611,2010-03-10,2011-06-06,185,7,921,1914.62,1
16612,2009-12-03,2011-11-07,32,13,1925,4433.09,0
16613,2011-09-30,2011-09-30,69,2,586,1237.18,0
16614,2010-05-10,2011-06-10,182,4,572,1685.98,1
16615,2010-03-23,2010-03-23,625,1,211,291.5,1
16616,2011-07-05,2011-11-24,14,4,740,1000.84,0
16617,2011-04-18,2011-04-18,235,2,182,303.7,1
16618,2011-01-21,2011-11-08,30,10,2726,5295.18,0
16619,2010-02-22,2011-03-21,263,5,1188,2164.54,1
16620,2009-12-01,2011-12-06,3,8,1234,1937.89,0
16621,2011-03-07,2011-10-19,51,8,604,1626.96,0
16622,2010-06-14,2010-06-14,543,1,44,225.4,1
16623,2010-04-26,2011-04-08,245,5,481,1144.69,1
16624,2011-05-26,2011-09-20,80,4,976,1621.14,0
16625,2010-06-14,2011-03-10,274,6,1221,1987.11,1
16626,2011-03-18,2011-12-09,0,34,5380,8826.2,0
16627,2011-09-21,2011-09-21,78,2,324,645.6,0
16628,2010-03-08,2011-11-10,29,12,2465,4506.15,0
16629,2011-09-04,2011-09-27,73,4,978,817.26,0
16630,2010-10-28,2010-10-28,406,1,72,106.8,1
16631,2010-02-26,2010-08-15,481,7,775,1892.52,1
16632,2010-05-07,2010-08-11,485,2,256,406.4,1
16633,2011-04-19,2011-11-22,16,12,2276,5766.2,0
16634,2010-01-21,2011-05-01,222,8,1339,1867.71,1
16635,2010-10-29,2010-10-29,406,1,277,473.0,1
16636,2010-03-03,2010-09-27,437,4,2186,3802.04,1
16637,2011-04-28,2011-11-07,31,8,1854,2308.94,0
16638,2010-08-18,2011-11-17,22,25,2882,4060.85,0
16639,2010-10-26,2011-11-08,30,7,1261,3005.49,0
16640,2010-11-07,2010-11-07,397,1,146,179.4,1
16641,2010-01-07,2011-08-26,105,3,710,785.6,1
16642,2010-10-20,2011-12-05,4,5,1254,1765.78,0
16643,2010-10-13,2011-04-08,245,3,822,1410.62,1
16644,2011-05-11,2011-06-15,177,4,1652,1667.56,1
16645,2009-12-04,2009-12-04,735,1,117,160.39,1
16646,2010-09-16,2010-09-16,448,1,1072,678.8,1
16647,2010-06-13,2011-06-23,169,6,542,755.96,1
16648,2010-04-28,2011-10-28,42,4,784,963.46,0
16649,2010-07-07,2010-07-07,519,1,82,306.58,1
16650,2010-07-08,2011-09-29,71,8,1883,2434.53,0
16651,2010-05-02,2010-05-02,586,1,60,136.2,1
16652,2010-03-17,2011-10-12,58,23,10760,24324.36,0
16653,2011-09-29,2011-11-23,15,4,1466,2425.32,0
16654,2010-04-06,2011-07-21,140,12,922,2085.34,1
16655,2010-01-31,2011-11-22,17,19,6301,10212.78,0
16656,2009-12-04,2011-11-17,21,45,24327,25458.97,0
16657,2011-03-30,2011-11-30,9,8,2260,1748.86,0
16658,2010-03-30,2010-12-06,367,7,317,814.07,1
16659,2011-06-03,2011-06-03,188,2,144,78.24,1
16660,2010-01-14,2011-11-23,15,11,1562,3147.2,0
16661,2009-12-17,2010-06-17,539,4,364,932.76,1
16662,2010-11-10,2010-11-10,393,1,35,151.05,1
16663,2009-12-10,2009-12-10,728,1,100,165.0,1
16664,2010-05-19,2010-05-19,568,1,24,109.2,1
16665,2010-12-12,2010-12-12,361,2,118,270.8,1
16666,2010-03-28,2011-11-20,18,3,587,336.69,0
16667,2011-02-28,2011-10-02,67,4,472,1134.36,0
16668,2010-03-18,2011-11-24,14,19,1091,1169.14,0
16669,2011-09-22,2011-11-16,23,6,1762,2697.76,0
16670,2009-12-10,2011-11-23,16,31,7090,12126.05,0
16671,2011-06-28,2011-11-11,27,6,1750,3384.54,0
16672,2011-03-18,2011-12-07,1,40,5664,16269.88,0
16673,2010-01-29,2010-01-29,678,1,95,171.13,1
16674,2011-09-02,2011-10-16,54,4,362,608.48,0
16675,2010-08-18,2010-09-24,441,2,296,608.86,1
16676,2010-10-17,2011-11-06,33,10,1563,3954.02,0
16677,2010-02-25,2010-10-24,410,2,457,880.62,1
16678,2011-03-02,2011-12-07,2,24,4794,6219.98,0
16679,2010-06-10,2010-12-08,365,4,276,793.06,1
16680,2010-06-23,2011-10-27,42,4,471,1005.15,0
16681,2010-03-08,2011-09-28,72,13,2899,3692.18,0
16682,2011-06-05,2011-12-05,4,10,2080,2056.0,0
16683,2010-06-24,2010-06-24,533,1,190,320.25,1
16684,2009-12-07,2011-12-05,3,83,155065,213796.33,0
16685,2011-10-09,2011-10-09,60,4,792,648.48,0
16686,2009-12-06,2011-10-23,46,23,5396,7840.95,0
16687,2010-11-14,2010-11-14,390,1,141,157.63,1
16688,2011-10-10,2011-12-08,0,8,1608,2521.72,0
16689,2011-09-18,2011-09-25,75,4,660,845.2,0
16690,2010-09-14,2011-09-28,71,6,347,578.61,0
16691,2010-05-27,2010-10-17,417,2,92,178.83,1
16692,2010-09-24,2011-03-28,255,6,1030,3190.7,1
16693,2010-02-21,2011-10-02,68,7,861,1657.34,0
16694,2009-12-16,2009-12-16,722,1,26,98.3,1
16695,2010-05-27,2010-05-27,561,2,184,191.9,1
16696,2011-04-05,2011-07-27,134,8,292,1315.8,1
16697,2011-04-12,2011-04-12,240,2,54,225.5,1
16698,2011-03-31,2011-04-27,226,4,1680,3996.0,1
16699,2009-12-04,2010-11-24,379,7,640,994.6,1
16700,2009-12-02,2011-12-01,8,38,10668,13907.32,0
16701,2009-12-01,2011-12-01,8,39,17439,15315.03,0
16702,2009-12-07,2010-10-20,414,4,692,1110.83,1
16704,2010-02-05,2010-03-31,617,2,433,664.16,1
16705,2009-12-09,2011-12-09,0,62,27778,57550.04,0
16706,2011-08-17,2011-11-02,36,6,498,1062.7,0
16707,2010-03-09,2010-11-04,399,4,396,533.41,1
16708,2011-10-25,2011-10-25,45,2,570,1313.26,0
16709,2009-12-09,2011-09-16,84,19,4112,12085.88,0
16710,2009-12-04,2011-11-20,18,32,5997,8389.34,0
16711,2009-12-02,2011-12-06,2,14,2045,4519.51,0
16712,2010-11-03,2011-11-30,8,24,3804,7844.18,0
16713,2009-12-15,2011-11-21,18,47,12753,21026.34,0
16714,2010-02-07,2011-05-05,218,7,1417,2626.39,1
16715,2010-05-26,2011-09-22,77,3,1816,927.24,0
16716,2010-03-19,2011-03-18,266,5,1032,3050.88,1
16717,2009-12-07,2011-11-16,23,20,5005,10506.76,0
16718,2009-12-06,2010-12-05,368,6,2331,3612.13,1
16719,2009-12-13,2011-11-25,14,21,3531,5283.84,0
16720,2009-12-17,2011-11-13,25,4,640,911.69,0
16721,2011-03-22,2011-03-22,261,2,344,584.94,1
16722,2009-12-03,2011-11-22,16,35,12987,12920.37,0
16723,2009-12-04,2011-09-09,90,6,1356,1807.76,1
16724,2010-10-31,2010-10-31,404,1,69,147.35,1
16725,2009-12-13,2011-02-10,301,21,988,2446.53,1
16726,2010-10-24,2011-11-13,25,12,2268,3422.62,0
16727,2010-01-20,2010-12-10,363,5,1233,1634.09,1
16728,2011-03-20,2011-10-24,45,8,1342,2096.56,0
16729,2011-04-12,2011-11-01,37,42,11444,14410.66,0
16730,2011-01-24,2011-10-18,51,6,1988,1486.22,0
16731,2010-03-01,2010-03-01,647,1,124,170.3,1
16732,2009-12-08,2011-11-08,31,5,2731,4991.39,0
16733,2010-06-28,2010-06-28,529,1,112,259.68,1
16734,2011-08-17,2011-10-18,51,6,690,1293.52,0
16735,2009-12-08,2011-09-22,78,19,5772,8464.82,0
16736,2009-12-03,2010-07-22,505,5,1050,2956.56,1
16737,2010-05-11,2011-10-17,52,3,864,1252.8,0
16738,2011-02-15,2011-02-15,297,2,6,7.5,1
16739,2010-06-21,2011-06-16,176,3,563,1109.43,1
16740,2010-11-09,2010-11-09,394,1,110,226.91,1
16741,2010-03-24,2010-03-24,624,1,81,173.06,1
16742,2009-12-16,2011-10-24,46,15,2559,3264.77,0
16743,2010-04-22,2011-11-10,28,21,5742,6425.28,0
16744,2011-06-19,2011-11-28,10,14,1596,2583.82,0
16745,2011-02-01,2011-09-14,86,34,13438,14361.4,0
16746,2009-12-04,2011-12-05,4,60,16560,24726.86,0
16747,2011-10-03,2011-11-02,37,4,1166,1672.12,0
16748,2009-12-10,2011-11-22,17,19,3007,5153.23,0
16749,2009-12-15,2010-04-27,590,2,1910,4157.88,1
16750,2011-04-21,2011-10-26,44,10,428,1247.86,0
16751,2011-11-09,2011-11-09,30,2,2062,3529.44,0
16752,2010-12-02,2010-12-02,372,2,108,415.0,1
16753,2011-10-12,2011-10-12,57,2,378,447.84,0
16754,2010-03-08,2010-12-02,371,30,67831,67502.47,1
16755,2009-12-09,2011-08-17,113,10,3043,4340.11,1
16756,2010-03-09,2011-05-09,214,8,813,1551.77,1
16757,2010-10-26,2011-01-25,318,3,261,377.31,1
16758,2011-10-05,2011-10-05,64,2,406,738.68,0
16759,2011-11-09,2011-12-02,7,6,1218,1579.58,0
16760,2010-10-05,2010-10-05,429,1,168,228.0,1
16761,2011-09-04,2011-09-04,96,2,682,633.24,1
16762,2011-07-18,2011-11-20,19,6,960,2414.48,0
16763,2009-12-01,2011-05-25,198,3,811,1576.55,1
16764,2011-07-19,2011-12-06,3,26,2506,5581.9,0
16765,2010-11-22,2011-02-18,293,3,315,488.75,1
16766,2011-03-11,2011-03-11,272,4,1072,2291.2,1
16767,2010-04-28,2011-11-09,30,26,11525,13632.32,0
16768,2009-12-07,2011-10-23,47,12,970,2176.66,0
16769,2009-12-14,2011-03-24,259,5,375,1478.59,1
16770,2010-08-22,2011-10-13,57,14,1508,2536.03,0
16771,2009-12-09,2011-11-06,32,15,3795,6192.21,0
16772,2009-12-18,2010-10-12,422,3,687,3698.05,1
16773,2009-12-06,2011-10-13,56,4,423,592.83,0
16774,2010-02-16,2011-10-03,67,12,1096,2229.0,0
16775,2010-09-23,2011-11-29,9,27,1396,4512.35,0
16776,2010-10-20,2011-10-10,59,3,689,964.05,0
16777,2010-03-17,2011-09-20,79,7,532,1514.8,0
16778,2011-03-10,2011-09-26,73,4,388,491.88,0
16779,2009-12-03,2011-12-07,1,75,24712,43420.75,0
16780,2010-10-28,2011-08-31,99,5,622,1018.64,1
16781,2010-02-08,2010-12-02,371,3,305,934.25,1
16782,2009-12-09,2011-11-29,9,51,4732,11904.07,0
16783,2010-09-29,2010-09-29,436,1,163,391.95,1
16784,2010-03-28,2011-11-20,19,6,518,999.93,0
16785,2010-10-26,2010-10-26,409,1,313,533.78,1
16786,2010-11-11,2010-11-11,393,1,72,51.84,1
16787,2010-01-10,2010-11-07,397,4,472,1017.53,1
16788,2010-02-07,2011-08-08,122,7,1269,2523.32,1
16789,2011-12-01,2011-12-01,7,2,64,161.6,0
16790,2011-11-02,2011-12-06,3,12,1796,3091.24,0
16791,2009-12-03,2011-11-10,28,22,2611,5663.41,0
16792,2010-01-04,2011-03-02,281,7,368,733.84,1
16793,2011-10-13,2011-10-13,56,2,292,487.68,0
16794,2010-03-25,2011-12-08,0,25,2499,3249.2,0
16795,2010-01-25,2010-12-09,364,4,1453,2477.29,1
16796,2011-09-11,2011-09-11,88,2,372,611.24,0
16797,2009-12-02,2010-11-11,392,5,898,1802.02,1
16798,2009-12-10,2010-06-03,553,3,205,841.16,1
16799,2010-09-12,2010-10-03,431,2,162,452.78,1
16800,2011-11-28,2011-11-28,10,2,1048,2325.3,0
16801,2011-03-11,2011-06-29,162,8,986,3188.46,1
16802,2009-12-09,2010-01-29,678,2,369,582.61,1
16803,2011-10-05,2011-10-05,64,2,490,664.6,0
16804,2011-03-14,2011-11-16,22,6,492,1073.98,0
16805,2009-12-08,2011-06-19,173,7,1659,1551.93,1
16806,2011-04-14,2011-08-28,102,8,712,1524.32,1
16807,2010-03-26,2011-07-20,142,9,2211,3245.47,1
16808,2011-03-10,2011-09-01,98,4,392,576.84,1
16809,2010-04-13,2011-11-16,22,14,1745,2642.12,0
16810,2010-10-15,2011-05-31,191,3,486,1151.58,1
16811,2011-11-22,2011-12-05,4,4,954,1094.14,0
16812,2010-11-22,2010-12-14,360,5,1197,2871.35,1
16813,2011-05-19,2011-12-01,7,20,3002,3304.36,0
16814,2010-04-11,2011-11-25,13,57,7541,18341.55,0
16815,2010-06-21,2010-09-12,453,2,237,406.02,1
16816,2010-12-16,2011-08-28,102,8,548,834.12,1
16817,2010-10-04,2011-12-07,2,22,2223,4165.45,0
16818,2011-05-18,2011-11-29,10,22,4328,6699.14,0
16819,2010-08-31,2010-08-31,464,2,253,182.59,1
16820,2011-09-05,2011-09-05,95,2,614,995.22,1
16821,2010-11-23,2010-11-23,381,1,13,113.35,1
16822,2010-01-22,2010-01-22,685,1,171,181.39,1
16823,2009-12-02,2011-04-26,226,8,1302,2601.47,1
16824,2010-11-11,2011-11-24,15,5,626,1146.88,0
16825,2010-06-23,2011-11-01,38,7,1863,2602.07,0
16826,2011-10-19,2011-10-19,50,2,316,683.4,0
16827,2010-04-29,2010-11-11,392,5,125,392.13,1
16828,2011-08-19,2011-09-07,92,4,118,257.0,1
16829,2010-11-16,2011-07-06,156,3,314,710.54,1
16830,2009-12-13,2011-11-01,38,5,963,1533.41,0
16831,2010-05-24,2010-05-24,564,1,48,91.8,1
16832,2010-09-07,2011-06-08,183,8,212,616.76,1
16833,2010-03-26,2011-12-08,0,10,1318,3515.57,0
16834,2010-02-03,2011-04-26,227,3,1118,1312.42,1
16835,2010-05-19,2011-08-03,127,8,557,1637.51,1
16836,2010-05-14,2011-10-31,39,6,704,1034.24,0
16837,2011-04-08,2011-11-08,30,22,3126,6341.96,0
16838,2010-02-14,2011-05-26,196,6,694,1748.46,1
16839,2010-02-11,2011-12-01,8,78,20270,38352.6,0
16840,2010-02-03,2010-04-15,602,2,117,139.85,1
16841,2010-01-12,2011-11-03,36,18,5728,5875.88,0
16842,2011-02-10,2011-08-31,100,6,1386,2528.38,1
16843,2009-12-10,2011-10-28,42,51,28661,29768.0,0
16844,2010-05-06,2010-05-26,562,2,281,614.34,1
16845,2010-03-31,2010-03-31,617,1,167,253.88,1
16846,2010-03-10,2011-10-20,49,4,652,1056.73,0
16847,2010-03-31,2011-10-27,42,3,333,808.33,0
16848,2010-10-03,2011-10-18,52,5,962,1693.04,0
16849,2011-06-06,2011-06-06,186,2,66,249.14,1
16850,2011-01-10,2011-01-10,333,2,498,664.82,1
16851,2011-10-19,2011-12-05,3,6,542,684.9,0
16852,2011-06-16,2011-11-29,9,4,112,289.82,0
16854,2010-03-09,2010-10-18,416,2,997,1408.96,1
16855,2011-10-27,2011-11-16,23,4,328,656.8,0
16856,2010-09-23,2011-11-25,14,4,183,393.89,0
16857,2010-09-23,2010-09-23,442,1,168,352.8,1
16858,2009-12-15,2010-12-06,368,11,1514,4668.28,1
16859,2010-03-04,2011-07-18,144,9,2726,2680.22,1
16860,2010-02-15,2010-09-13,452,3,625,1610.62,1
16861,2010-07-19,2011-10-11,59,7,756,1120.35,0
16862,2010-01-07,2010-06-10,546,4,513,662.33,1
16863,2010-10-26,2011-11-08,30,5,1049,1337.07,0
16864,2010-04-20,2010-10-01,433,2,283,409.25,1
16865,2010-11-03,2010-11-03,401,1,157,130.95,1
16866,2011-07-01,2011-07-22,140,6,120,415.48,1
16867,2010-01-19,2010-01-19,689,1,58,76.74,1
16868,2010-04-25,2010-11-10,393,3,112,384.56,1
16869,2011-06-17,2011-11-17,22,8,1166,1634.24,0
16870,2010-08-27,2010-08-27,468,1,278,450.16,1
16871,2011-03-14,2011-11-17,21,12,2506,5624.68,0
16872,2010-09-02,2011-09-23,76,9,1679,1893.15,0
16873,2010-02-09,2011-12-05,4,18,12441,21741.01,0
16874,2010-11-25,2010-11-25,378,1,78,209.89,1
16875,2010-01-05,2011-10-03,66,16,3168,6330.06,0
16876,2010-11-01,2010-11-01,403,1,181,136.01,1
16877,2011-05-15,2011-11-27,11,12,916,1693.24,0
16878,2011-09-16,2011-09-16,83,2,24,26.6,0
16880,2010-08-03,2011-11-09,30,15,1650,3304.64,0
16881,2011-10-04,2011-10-04,66,2,1200,864.0,0
16882,2011-01-26,2011-10-04,66,6,848,1410.24,0
16883,2009-12-04,2011-06-05,186,21,1119,2518.54,1
16884,2010-05-18,2011-11-02,37,6,840,1500.81,0
16885,2010-11-19,2011-11-24,14,7,536,1135.01,0
16886,2010-09-09,2010-09-09,455,1,48,134.0,1
16887,2009-12-01,2011-11-04,34,4,579,850.5,0
16888,2010-01-07,2010-11-04,400,3,145,434.2,1
16889,2010-05-23,2011-05-29,194,9,2536,4105.32,1
16890,2010-05-06,2010-08-20,476,3,243,285.41,1
16891,2009-12-04,2011-12-08,1,16,917,2470.37,0
16892,2009-12-08,2011-12-08,0,12,603,1272.94,0
16893,2010-11-28,2010-12-08,366,3,179,395.82,1
16894,2010-06-22,2010-07-25,501,3,503,1306.96,1
16895,2010-02-12,2011-10-06,64,6,512,1305.17,0
16896,2010-06-02,2010-06-02,554,1,18,103.95,1
16897,2011-01-30,2011-02-13,298,4,146,579.56,1
16898,2010-05-12,2011-11-13,25,8,1107,1386.24,0
16899,2010-11-07,2011-12-02,7,14,1331,2966.83,0
16900,2011-10-07,2011-11-23,16,6,1666,1774.22,0
16901,2009-12-10,2009-12-10,728,1,42,204.26,1
16902,2011-08-15,2011-08-15,115,2,1258,3413.76,1
16903,2010-10-20,2011-11-10,28,4,964,1404.95,0
16904,2010-10-24,2011-12-05,3,37,4591,8329.11,0
16905,2009-12-10,2011-12-04,4,24,3294,7744.37,0
16906,2010-05-13,2011-09-19,81,11,853,1970.51,0
16907,2010-07-01,2011-11-10,28,14,737,2399.65,0
16908,2009-12-17,2009-12-17,721,1,61,252.59,1
16909,2011-09-28,2011-09-28,71,2,872,758.28,0
16910,2011-09-09,2011-12-05,3,16,1768,3017.92,0
16911,2010-02-16,2010-03-14,635,2,161,255.25,1
16912,2009-12-09,2011-11-11,28,26,2714,7016.09,0
16913,2010-02-26,2011-02-22,289,4,311,537.35,1
16914,2011-11-03,2011-11-03,35,2,224,367.52,0
16915,2010-05-19,2011-11-30,8,17,322,2164.86,0
16916,2010-10-20,2011-11-16,23,6,1080,1464.43,0
16917,2010-03-17,2011-03-08,276,3,1024,2243.4,1
16918,2009-12-03,2011-10-21,49,22,2787,4275.36,0
16919,2010-08-19,2011-07-06,155,35,3736,7501.91,1
16920,2010-10-24,2010-10-24,410,1,81,355.45,1
16921,2010-04-18,2011-10-09,60,4,429,563.39,0
16922,2010-05-16,2010-05-16,572,1,281,611.08,1
16923,2010-01-31,2011-11-27,11,51,9534,20226.21,0
16924,2011-09-16,2011-11-18,20,6,934,1659.78,0
16925,2010-06-17,2010-06-17,539,1,123,125.65,1
16926,2010-07-01,2010-12-03,370,6,232,1399.86,1
16927,2010-12-13,2011-08-16,115,6,1986,1086.1,1
16928,2010-02-03,2011-09-20,79,46,4679,6712.23,0
16929,2011-07-07,2011-12-06,3,14,1858,2590.78,0
16930,2011-10-02,2011-11-13,25,6,678,757.78,0
16931,2010-11-07,2011-12-04,4,44,6491,9587.09,0
16932,2010-05-17,2011-10-17,52,4,299,562.78,0
16933,2009-12-09,2011-12-08,0,11,1821,3662.53,0
16934,2010-03-28,2011-10-16,54,8,1333,3014.17,0
16935,2010-10-14,2010-11-23,381,3,273,530.86,1
16936,2010-11-19,2011-11-14,25,3,510,810.19,0
16937,2010-07-28,2010-07-28,498,1,123,196.25,1
16938,2010-02-17,2011-12-01,8,13,7574,9707.04,0
16939,2010-02-28,2010-08-08,488,3,229,433.85,1
16940,2009-12-08,2011-10-18,51,11,6672,9477.54,0
16941,2010-04-07,2010-04-07,611,1,12,33.0,1
16942,2011-04-26,2011-11-27,12,18,1610,3809.98,0
16943,2010-03-25,2011-05-12,211,8,292,2116.22,1
16944,2010-04-09,2010-04-09,609,1,27,101.36,1
16945,2009-12-09,2011-11-18,21,52,8614,12893.66,0
16946,2010-03-02,2010-11-21,382,5,509,1222.04,1
16947,2010-03-03,2011-04-18,235,6,967,1361.69,1
16948,2010-02-21,2011-07-24,138,10,3705,1303.79,1
16949,2011-01-27,2011-12-06,3,12,1582,2572.54,0
16950,2010-01-24,2011-10-14,56,13,3076,4720.33,0
16951,2011-02-08,2011-07-28,134,6,2636,2555.5,1
16952,2009-12-11,2011-08-22,108,7,435,963.44,1
16953,2011-11-09,2011-11-09,29,2,20,41.6,0
16954,2010-01-18,2011-12-09,0,29,5140,8166.96,0
16955,2010-01-31,2011-06-08,184,10,989,1638.98,1
16956,2011-11-22,2011-11-22,17,2,228,617.48,0
16957,2011-03-03,2011-04-14,238,4,344,833.28,1
16958,2010-09-30,2010-09-30,434,1,514,778.49,1
16959,2011-09-13,2011-09-13,86,2,98,234.7,0
16960,2010-03-02,2011-11-01,38,11,1796,2497.93,0
16961,2010-06-25,2011-08-15,115,4,607,1028.73,1
16962,2010-10-26,2010-10-26,409,1,158,251.04,1
16963,2011-06-05,2011-06-05,186,2,70,221.1,1
16964,2009-12-06,2009-12-06,732,2,49,207.85,1
16965,2011-04-27,2011-04-27,226,2,582,402.38,1
16966,2011-04-13,2011-12-01,7,14,3962,4309.94,0
16967,2011-06-03,2011-06-03,188,2,666,638.04,1
16968,2011-08-24,2011-12-05,3,4,652,878.86,0
16969,2011-06-01,2011-10-31,38,6,1632,1300.82,0
16970,2010-03-23,2010-03-23,625,1,12,71.4,1
16971,2011-11-01,2011-11-01,37,2,144,714.42,0
16972,2010-09-09,2010-11-22,382,2,183,749.0,1
16973,2010-11-18,2010-11-18,385,1,60,127.0,1
16974,2010-05-24,2010-07-05,522,2,70,365.5,1
16975,2010-07-22,2010-10-12,422,3,586,926.12,1
16976,2011-03-17,2011-03-17,266,2,176,503.04,1
16977,2010-03-18,2010-11-09,394,4,142,496.0,1
16978,2010-02-11,2011-09-23,77,4,451,1113.21,0
16979,2010-09-15,2011-12-06,3,15,2316,4711.74,0
16980,2010-10-07,2011-03-29,254,5,1729,2451.29,1
16982,2011-10-10,2011-10-10,60,2,364,768.12,0
16983,2010-09-19,2011-11-27,12,18,3650,5396.4,0
16984,2010-03-07,2011-09-12,87,11,7507,14810.05,0
16985,2009-12-10,2011-11-22,16,33,4935,16387.28,0
16986,2010-02-04,2011-11-10,29,13,3579,6761.95,0
16987,2009-12-02,2011-12-06,2,18,1072,4138.2,0
16988,2010-11-25,2011-12-04,4,3,201,508.79,0
16989,2011-07-12,2011-12-02,6,12,2466,2266.5,0
16990,2010-10-13,2011-05-05,218,3,300,523.0,1
16991,2010-10-14,2010-10-14,420,1,793,1041.21,1
16992,2010-02-11,2011-11-29,10,18,2921,7090.81,0
16993,2010-05-12,2010-09-02,463,2,285,1950.95,1
16996,2010-10-18,2011-11-09,29,15,1463,3580.57,0
16997,2011-01-18,2011-02-24,287,6,720,1404.0,1
16998,2010-09-21,2011-07-13,149,9,180,697.0,1
16999,2011-09-26,2011-11-16,22,4,588,969.64,0
17000,2010-10-27,2010-11-08,395,2,305,406.3,1
17001,2010-03-25,2011-12-09,0,30,5946,10630.37,0
17002,2010-03-08,2011-09-15,85,10,1944,4065.28,0
17003,2010-05-10,2010-11-02,401,4,494,828.21,1
17004,2010-10-11,2011-10-24,45,6,2004,3636.5,0
17005,2010-04-30,2010-08-26,470,2,691,622.36,1
17006,2010-03-05,2011-12-05,4,12,844,2417.05,0
17007,2010-09-28,2011-10-20,50,13,1314,2010.03,0
17008,2010-10-06,2010-10-06,428,1,24,81.36,1
17009,2010-06-06,2010-06-06,550,1,336,242.06,1
17010,2011-11-21,2011-11-21,17,2,236,390.72,0
17011,2010-02-26,2011-11-09,29,4,978,942.6,0
17012,2009-12-14,2009-12-14,724,1,251,360.61,1
17014,2011-10-04,2011-12-01,7,6,486,1166.86,0
17015,2011-06-07,2011-11-11,28,6,3956,3677.22,0
17016,2010-05-12,2010-05-12,576,1,309,552.4,1
17017,2009-12-03,2011-12-07,2,49,16070,21271.25,0
17018,2009-12-05,2011-10-30,40,8,632,3207.8,0
17019,2009-12-02,2011-11-28,10,15,3216,4860.37,0
17020,2010-03-03,2010-06-15,541,2,860,935.62,1
17021,2010-04-29,2010-09-23,441,6,992,1182.22,1
17022,2010-10-03,2011-11-08,30,3,288,331.0,0
17023,2010-01-11,2010-10-18,416,3,530,800.18,1
17024,2011-07-05,2011-10-25,44,6,138,191.7,0
17025,2010-03-08,2011-10-10,60,8,1120,1707.44,0
17026,2010-10-18,2011-06-07,184,5,204,330.66,1
17027,2009-12-10,2011-09-22,78,15,1061,2188.19,0
17028,2009-12-18,2010-05-07,580,3,856,1593.83,1
17029,2010-02-14,2011-08-21,110,9,1665,2853.3,1
17030,2011-10-07,2011-10-07,63,2,292,293.74,0
17031,2010-05-07,2011-11-28,11,8,1830,3154.2,0
17032,2009-12-10,2010-06-10,547,8,1667,2984.32,1
17033,2010-11-07,2011-09-14,85,7,1621,2362.93,0
17034,2010-07-14,2011-11-23,15,8,1104,2021.94,0
17035,2009-12-03,2011-04-08,245,6,556,1047.12,1
17036,2010-11-21,2010-11-21,382,1,76,176.9,1
17037,2011-09-13,2011-09-13,87,2,1312,2534.64,0
17038,2010-10-20,2011-11-09,29,3,563,855.57,0
17039,2010-04-14,2010-04-14,603,1,689,1954.99,1
17040,2010-06-07,2011-07-25,137,3,370,912.98,1
17041,2010-04-18,2011-11-13,26,9,2230,2726.69,0
17042,2011-04-06,2011-12-07,2,10,1980,2073.16,0
17043,2009-12-09,2011-11-07,31,12,2614,4328.83,0
17044,2009-12-07,2011-11-14,24,13,6226,12910.78,0
17045,2010-10-06,2011-08-18,112,8,400,1167.12,1
17046,2010-03-29,2011-07-05,156,6,2146,2548.09,1
17047,2009-12-08,2011-09-15,84,9,1717,3390.13,0
17048,2010-01-18,2011-08-14,117,10,1553,2997.03,1
17049,2010-03-04,2011-12-07,2,28,6946,15597.56,0
17050,2010-01-26,2011-09-04,95,17,4027,7834.23,1
17051,2010-03-21,2011-05-29,193,5,686,947.38,1
17052,2011-11-11,2011-11-11,27,2,502,798.18,0
17053,2011-08-01,2011-08-01,130,2,244,996.96,1
17054,2011-04-08,2011-11-11,27,10,1608,2712.66,0
17055,2010-09-20,2010-09-20,445,1,83,232.85,1
17056,2009-12-01,2009-12-01,737,1,26,128.6,1
17057,2010-04-22,2010-04-22,595,1,129,294.74,1
17058,2011-04-14,2011-09-19,81,6,1184,2359.78,0
17059,2010-01-26,2011-11-10,29,14,4957,7944.96,0
17060,2011-03-18,2011-03-18,265,2,432,468.48,1
17061,2011-04-21,2011-09-27,73,22,3052,10464.46,0
17062,2010-09-26,2011-01-30,313,10,1062,1423.08,1
17063,2009-12-01,2011-11-18,20,20,2669,5099.67,0
17064,2011-01-16,2011-10-12,58,6,632,1710.9,0
17065,2010-03-12,2010-03-12,637,2,82,194.7,1
17066,2009-12-13,2009-12-13,725,1,93,228.34,1
17067,2009-12-08,2009-12-15,724,3,322,454.54,1
17068,2010-03-28,2011-11-27,11,68,6515,13539.82,0
17069,2009-12-03,2011-11-11,27,23,4736,8226.93,0
17070,2010-10-25,2011-08-17,113,3,363,741.66,1
17071,2010-01-24,2011-11-11,27,22,3131,6222.74,0
17072,2010-03-24,2010-03-24,624,1,212,273.35,1
17073,2011-08-22,2011-11-22,17,8,1518,2892.18,0
17074,2010-05-26,2010-05-26,562,1,19,203.05,1
17075,2009-12-14,2011-11-22,17,14,1077,3070.75,0
17076,2009-12-04,2011-11-03,35,9,809,2083.83,0
17077,2010-05-10,2010-05-10,577,1,36,306.0,1
17078,2011-11-03,2011-11-03,35,4,1576,756.4,0
17079,2011-09-22,2011-09-22,77,2,48,237.6,0
17080,2010-07-01,2011-11-17,21,9,735,1245.15,0
17081,2010-02-22,2011-11-14,24,8,458,1238.3,0
17082,2009-12-15,2011-11-06,32,8,3575,6735.88,0
17083,2010-02-09,2011-08-22,108,12,2727,5455.57,1
17084,2010-11-08,2011-11-04,34,5,4880,7749.2,0
17085,2009-12-06,2011-08-08,122,33,4368,9410.07,1
17086,2011-10-07,2011-12-02,6,12,3718,4100.16,0
17087,2009-12-02,2009-12-02,737,1,113,221.53,1
17088,2011-03-31,2011-11-11,27,8,1736,3982.02,0
17089,2010-11-18,2010-11-18,385,1,35,128.45,1
17090,2010-07-19,2011-12-05,3,20,2247,5054.83,0
17091,2009-12-16,2011-12-07,2,28,5478,11323.51,0
17092,2010-02-02,2011-10-20,49,15,4898,7285.44,0
17093,2010-04-26,2010-04-26,592,1,114,235.88,1
17094,2010-10-12,2011-01-21,321,3,364,704.2,1
17095,2009-12-15,2011-11-17,22,10,2313,3896.41,0
17096,2010-06-02,2011-11-24,14,15,1898,4720.06,0
17097,2010-10-05,2011-12-07,1,17,1041,2097.78,0
17098,2010-06-17,2010-11-23,381,3,125,591.07,1
17099,2010-06-24,2010-06-24,532,1,317,582.17,1
17100,2011-11-21,2011-11-21,17,4,1600,1943.48,0
17101,2010-06-07,2011-11-29,9,11,1990,4128.78,0
17102,2011-03-23,2011-03-23,261,2,4,51.0,1
17103,2009-12-17,2009-12-17,721,1,471,424.3,1
17104,2010-10-12,2010-10-12,423,1,149,474.03,1
17105,2011-02-06,2011-07-03,158,4,1386,1331.56,1
17106,2010-11-15,2010-11-15,388,1,153,481.58,1
17107,2010-01-31,2011-11-06,32,16,12356,26850.2,0
17108,2010-02-14,2010-02-14,663,1,31,174.95,1
17109,2010-07-30,2011-11-10,28,14,1376,2173.0,0
17110,2010-04-08,2011-06-27,164,4,186,663.2,1
17111,2010-10-10,2011-10-23,46,3,863,691.19,0
17112,2010-07-25,2010-07-25,502,1,130,197.57,1
17113,2010-01-11,2010-05-14,573,6,913,2305.59,1
17114,2011-01-09,2011-12-04,5,16,430,1602.24,0
17115,2009-12-05,2011-12-01,7,10,1257,3598.99,0
17116,2010-03-01,2010-03-01,647,1,392,389.78,1
17117,2011-02-24,2011-02-24,287,2,136,232.4,1
17118,2011-01-26,2011-01-26,317,2,308,314.04,1
17119,2011-10-11,2011-12-06,2,4,668,1213.82,0
17120,2011-04-20,2011-04-20,232,2,240,614.92,1
17121,2010-11-02,2010-11-02,402,1,106,314.74,1
17122,2010-07-28,2011-08-12,118,5,448,708.82,1
17123,2010-05-16,2011-07-01,161,4,922,1322.47,1
17124,2011-06-07,2011-06-07,184,2,258,588.48,1
17125,2011-10-20,2011-10-20,49,2,562,461.0,0
17126,2010-08-31,2011-07-10,151,14,2206,3005.88,1
17127,2009-12-04,2010-10-07,428,5,340,1155.03,1
17128,2011-01-09,2011-01-09,334,2,152,314.18,1
17129,2010-07-07,2010-07-07,519,1,5,31.85,1
17131,2011-09-25,2011-12-04,4,10,1966,4926.34,0
17132,2010-08-08,2010-09-13,451,2,963,1220.91,1
17133,2010-03-21,2011-11-24,15,19,12837,19514.57,0
17134,2010-09-23,2011-08-25,106,5,242,1038.5,1
17135,2010-05-09,2011-11-23,15,17,2910,2861.91,0
17136,2010-02-15,2010-02-15,661,1,256,231.68,1
17137,2010-01-31,2010-10-19,415,6,680,1099.81,1
17138,2010-02-04,2011-03-09,275,8,2150,4797.77,1
17139,2010-01-11,2011-11-24,15,37,15029,30217.53,0
17140,2011-04-06,2011-04-06,246,2,592,908.24,1
17141,2010-01-24,2010-10-17,417,4,423,727.58,1
17142,2010-01-24,2011-04-14,238,5,403,1854.25,1
17143,2010-07-12,2010-10-18,416,2,314,880.97,1
17144,2011-09-16,2011-12-08,0,4,966,1969.14,0
17145,2010-02-19,2010-07-15,512,4,2591,3120.91,1
17146,2010-02-02,2011-08-26,105,16,2400,6602.42,1
17147,2010-01-11,2011-11-17,22,13,2190,4914.54,0
17148,2011-10-19,2011-10-19,51,2,164,249.76,0
17149,2010-09-14,2010-09-14,450,1,18,143.1,1
17150,2009-12-06,2010-11-28,376,6,397,1357.95,1
17151,2009-12-04,2009-12-04,734,1,42,231.9,1
17152,2010-10-10,2011-05-29,194,7,1094,3706.0,1
17153,2011-11-15,2011-11-15,23,2,208,427.56,0
17154,2011-09-25,2011-09-25,74,2,980,658.68,0
17155,2009-12-03,2011-11-22,17,9,1229,1144.16,0
17156,2010-08-05,2010-08-05,491,1,391,591.87,1
17157,2009-12-04,2011-12-02,7,21,2264,5470.9,0
17158,2010-03-07,2011-11-07,31,8,1925,3246.97,0
17159,2010-03-04,2011-11-18,21,8,2459,3638.47,0
17160,2009-12-04,2011-11-08,30,23,11246,13727.19,0
17161,2010-09-21,2010-09-21,443,1,537,856.01,1
17162,2011-02-07,2011-11-11,28,20,2002,3430.92,0
17163,2010-02-02,2011-11-18,21,6,597,992.88,0
17164,2011-03-11,2011-11-07,32,14,3002,4934.7,0
17165,2009-12-11,2011-02-28,283,7,888,1953.0,1
17166,2011-05-20,2011-11-01,38,4,156,412.68,0
17167,2010-09-20,2010-11-25,379,3,429,867.11,1
17168,2010-07-29,2010-07-29,498,1,220,400.2,1
17169,2010-05-10,2011-10-13,57,5,1197,1992.51,0
17170,2010-11-15,2010-11-30,373,2,152,178.68,1
17171,2010-02-16,2011-02-23,288,3,410,609.5,1
17172,2009-12-13,2011-09-22,78,4,1695,1274.33,0
17173,2011-07-31,2011-12-04,4,16,2244,7533.2,0
17174,2011-05-06,2011-05-06,217,2,82,119.8,1
17175,2011-02-16,2011-10-26,43,8,1732,2887.38,0
17176,2010-01-31,2011-05-22,201,4,746,1208.45,1
17177,2010-07-22,2010-07-22,504,1,40,119.5,1
17178,2009-12-08,2009-12-08,730,1,100,432.96,1
17179,2010-05-26,2011-06-14,177,9,915,2219.05,1
17180,2010-01-21,2011-10-14,55,15,2479,3020.74,0
17181,2010-04-23,2011-10-13,56,5,509,549.77,0
17182,2009-12-21,2010-10-13,422,2,54,321.3,1
17183,2011-08-26,2011-12-02,7,12,2592,6694.62,0
17184,2009-12-09,2010-05-19,568,2,73,198.41,1
17185,2010-04-20,2010-04-27,591,3,119,229.46,1
17186,2011-10-10,2011-10-24,46,4,400,288.0,0
17187,2010-07-01,2011-04-27,226,3,570,671.66,1
17188,2009-12-08,2011-11-28,10,20,3897,7067.16,0
17189,2009-12-02,2011-08-25,105,7,827,1337.38,1
17190,2010-03-05,2011-10-12,58,9,2379,2171.31,0
17191,2009-12-01,2011-11-11,27,22,3374,6404.02,0
17192,2010-06-21,2010-06-21,535,1,45,75.28,1
17193,2009-12-02,2011-11-04,35,16,2922,4009.34,0
17194,2010-06-27,2011-03-11,273,5,539,1075.12,1
17195,2010-02-22,2010-02-22,654,1,486,562.98,1
17196,2010-10-08,2010-10-08,427,1,154,327.75,1
17197,2011-11-10,2011-11-10,29,2,382,2026.02,0
17198,2010-12-03,2011-11-16,23,6,714,1384.44,0
17199,2010-05-06,2010-05-06,581,1,232,135.04,1
17200,2010-02-25,2010-11-17,386,4,367,356.71,1
17201,2010-02-10,2011-10-17,53,5,1235,1432.88,0
17202,2010-10-15,2010-10-15,420,1,55,160.65,1
17203,2010-11-16,2011-11-04,35,16,7443,9124.17,0
17204,2010-06-10,2011-06-17,174,13,3297,7069.25,1
17205,2010-05-24,2011-10-17,53,4,3098,1383.43,0
17206,2011-10-17,2011-10-17,52,2,152,408.48,0
17207,2010-02-25,2010-02-25,651,1,233,292.62,1
17208,2010-11-09,2010-11-09,395,1,101,111.15,1
17209,2009-12-03,2010-02-28,648,3,723,595.7,1
17210,2010-11-12,2010-11-12,392,1,242,251.72,1
17211,2009-12-13,2011-11-13,26,21,3464,6090.57,0
17212,2010-08-10,2011-03-31,252,4,874,1021.26,1
17213,2009-12-15,2011-10-30,39,20,3263,7650.63,0
17214,2010-12-15,2011-10-10,59,12,544,2118.24,0
17215,2010-09-01,2010-09-01,463,1,104,186.15,1
17216,2010-06-03,2010-06-03,553,1,21,63.6,1
17217,2010-03-30,2011-04-19,233,3,117,323.6,1
17218,2010-01-25,2011-12-05,3,28,3021,5843.36,0
17219,2010-10-19,2011-11-08,31,3,277,373.36,0
17220,2010-01-20,2011-11-15,23,35,4560,7644.86,0
17221,2010-04-11,2011-12-02,6,7,1000,1311.1,0
17222,2010-01-10,2011-10-05,64,7,979,1908.16,0
17223,2010-11-29,2011-02-02,309,5,265,974.93,1
17224,2010-07-26,2010-07-26,500,1,65,100.86,1
17225,2010-05-07,2010-05-07,581,1,36,131.15,1
17226,2010-02-12,2011-02-04,308,4,1259,1288.96,1
17227,2010-01-15,2011-11-21,18,18,2422,2818.25,0
17228,2010-03-12,2011-11-24,15,21,3886,4726.12,0
17229,2011-07-20,2011-09-04,95,4,370,637.52,1
17230,2009-12-08,2011-03-20,263,26,5404,13026.9,1
17231,2009-12-07,2011-11-27,11,35,5405,10189.52,0
17232,2011-11-25,2011-12-07,2,4,404,835.54,0
17233,2009-12-15,2011-11-04,34,4,429,751.74,0
17234,2011-06-10,2011-06-10,182,2,110,299.78,1
17235,2010-06-04,2011-11-14,24,10,1069,2113.04,0
17236,2010-03-07,2011-11-27,12,18,1278,2845.39,0
17237,2010-11-23,2011-11-28,10,6,519,1308.82,0
17238,2009-12-01,2011-12-07,2,49,5362,11050.77,0
17239,2010-07-01,2011-01-31,312,5,665,1571.95,1
17240,2010-04-22,2010-04-22,595,1,108,130.6,1
17241,2010-02-15,2010-11-19,384,12,859,2736.64,1
17242,2010-01-24,2011-08-23,107,7,2070,4024.32,1
17243,2009-12-01,2011-12-08,0,95,11252,28743.63,0
17244,2009-12-06,2011-10-17,52,6,2035,2780.94,0
17245,2010-01-19,2011-05-19,204,3,382,543.08,1
17246,2009-12-01,2010-06-11,546,2,36,38.92,1
17247,2011-11-24,2011-11-24,14,2,210,560.18,0
17248,2010-08-15,2011-08-11,119,3,489,819.19,1
17249,2010-10-07,2010-10-07,428,1,79,68.03,1
17250,2011-03-23,2011-12-06,3,4,334,763.94,0
17251,2009-12-15,2010-12-12,362,4,485,1068.81,1
17252,2011-06-06,2011-08-15,116,4,384,697.82,1
17253,2011-11-21,2011-11-21,17,2,86,356.52,0
17254,2010-11-03,2011-12-05,4,5,648,740.67,0
17255,2010-09-19,2011-10-30,40,6,810,1073.18,0
17256,2010-04-18,2011-08-24,106,7,440,738.93,1
17257,2010-09-29,2010-09-29,435,2,187,189.78,1
17258,2010-02-12,2010-11-08,396,2,188,417.3,1
17259,2010-02-22,2011-07-14,147,8,1232,2033.62,1
17260,2010-10-24,2010-10-24,410,1,23,120.95,1
17261,2010-07-18,2010-07-18,509,1,95,221.59,1
17262,2009-12-15,2011-10-18,51,16,1002,3742.12,0
17263,2011-05-15,2011-05-15,207,2,72,126.88,1
17264,2010-10-11,2010-10-11,423,1,217,268.28,1
17265,2011-06-12,2011-07-24,138,4,778,1100.02,1
17266,2010-03-09,2011-12-07,1,8,396,798.3,0
17267,2011-08-04,2011-08-04,126,4,316,634.4,1
17268,2009-12-08,2011-08-24,107,15,2239,2497.53,1
17269,2010-11-19,2010-11-19,385,1,314,491.81,1
17270,2009-12-07,2010-08-27,468,2,420,601.45,1
17271,2009-12-03,2009-12-03,735,1,113,204.3,1
17272,2011-03-22,2011-10-28,41,8,3556,4297.26,0
17273,2010-10-11,2010-10-11,423,1,133,141.12,1
17274,2010-11-09,2011-11-04,34,3,348,681.04,0
17275,2010-11-21,2010-11-21,382,1,71,114.1,1
17276,2010-11-02,2010-11-02,401,1,187,502.49,1
17277,2011-01-21,2011-04-26,227,4,860,2130.7,1
17278,2010-05-23,2011-04-12,240,3,374,517.28,1
17279,2011-10-13,2011-10-13,57,2,96,375.66,0
17280,2010-09-27,2010-09-27,437,1,74,118.86,1
17281,2010-02-04,2010-11-30,373,6,295,797.85,1
17282,2010-06-09,2011-08-01,129,8,4198,3994.0,1
17283,2010-11-26,2010-11-26,378,1,179,188.46,1
17284,2010-09-20,2011-10-10,59,14,3431,4435.54,0
17285,2010-02-14,2010-03-21,627,2,134,407.94,1
17286,2010-11-04,2011-11-18,21,4,485,540.55,0
17287,2009-12-03,2011-11-13,25,28,2511,4875.92,0
17288,2010-11-10,2011-11-30,8,18,2900,3886.06,0
17289,2010-03-08,2011-11-08,31,12,1750,2972.82,0
17290,2009-12-13,2011-12-06,3,10,1536,2000.97,0
17291,2011-02-04,2011-02-04,307,2,144,1101.6,1
17292,2010-05-09,2010-08-24,471,2,131,271.75,1
17293,2009-12-03,2011-12-01,7,26,3363,5604.69,0
17294,2010-02-08,2010-02-08,668,2,297,467.79,1
17295,2011-10-06,2011-11-11,28,6,586,1094.0,0
17296,2009-12-09,2009-12-09,729,1,216,338.13,1
17297,2011-11-22,2011-11-22,16,2,130,256.36,0
17298,2010-03-08,2011-08-30,100,7,1239,1452.68,1
17299,2010-08-15,2011-11-28,11,10,1587,1649.84,0
17300,2010-08-15,2010-11-14,390,2,467,393.64,1
17301,2010-03-25,2011-11-18,20,3,353,457.63,0
17302,2011-02-07,2011-11-25,14,10,1150,2271.26,0
17303,2010-12-13,2010-12-13,360,2,288,500.08,1
17304,2010-06-23,2010-06-23,533,1,73,111.5,1
17305,2010-03-01,2010-03-01,648,1,1006,2135.46,1
17306,2010-11-01,2011-11-29,10,40,25238,18413.66,0
17307,2010-01-19,2010-11-09,394,11,3667,3999.89,1
17308,2010-09-13,2010-11-11,392,2,5148,4511.76,1
17309,2010-02-04,2011-09-05,94,4,222,403.14,1
17310,2010-06-23,2010-11-17,386,2,402,1025.1,1
17311,2010-02-03,2011-09-22,77,8,3760,4951.41,0
17312,2011-07-03,2011-07-24,138,6,744,1288.6,1
17313,2011-11-08,2011-11-08,30,2,2804,4657.68,0
17314,2009-12-03,2011-11-15,24,25,5559,7432.35,0
17315,2010-09-27,2011-12-08,1,81,8951,15880.81,0
17316,2010-10-15,2010-10-15,419,1,44,124.45,1
17317,2011-09-11,2011-10-24,45,6,2292,5200.68,0
17318,2009-12-14,2009-12-14,724,1,59,157.33,1
17319,2010-02-08,2010-02-08,668,1,14,29.1,1
17320,2010-01-21,2011-08-31,99,9,1816,3645.47,1
17321,2010-05-11,2011-12-01,7,8,1154,2322.37,0
17322,2009-12-03,2010-11-28,375,5,631,922.59,1
17323,2010-01-10,2011-11-24,14,19,2186,2457.56,0
17324,2009-12-18,2011-11-22,17,16,2328,3157.55,0
17325,2010-03-08,2011-03-04,279,4,525,706.37,1
17326,2010-06-28,2010-10-27,407,2,136,312.35,1
17327,2010-05-26,2010-10-26,409,2,59,152.35,1
17328,2010-02-04,2010-02-04,672,1,86,104.7,1
17329,2009-12-03,2011-11-25,13,7,572,1521.64,0
17330,2010-03-02,2011-11-17,22,6,242,787.7,0
17331,2011-08-08,2011-08-08,123,2,32,350.4,1
17332,2010-02-21,2010-06-29,527,5,794,838.27,1
17333,2011-09-15,2011-09-15,85,2,750,988.5,0
17334,2010-10-29,2011-02-10,301,5,881,942.17,1
17335,2010-01-24,2010-11-21,383,2,210,497.04,1
17336,2010-08-24,2010-08-24,471,1,48,81.12,1
17337,2011-02-02,2011-07-11,150,8,2494,3962.12,1
17338,2010-03-10,2011-11-22,16,25,8839,18382.87,0
17339,2010-07-18,2011-09-06,93,5,324,545.72,1
17340,2010-02-14,2011-11-10,29,29,15464,31971.24,0
17341,2010-06-17,2011-07-06,156,8,1274,1954.5,1
17342,2010-02-08,2010-11-25,379,4,521,1227.54,1
17343,2009-12-03,2010-12-19,354,7,510,1453.58,1
17344,2009-12-11,2011-10-24,45,3,265,614.98,0
17345,2009-12-01,2011-11-24,14,14,2349,2106.32,0
17346,2010-04-18,2011-12-06,3,41,5056,7621.49,0
17347,2011-09-14,2011-09-14,85,2,432,457.92,0
17348,2010-03-10,2011-11-25,14,14,4164,3598.89,0
17349,2010-03-18,2011-06-13,178,6,874,870.66,1
17350,2010-02-01,2011-12-01,7,11,1948,3175.02,0
17351,2009-12-10,2011-11-03,35,15,496,2575.38,0
17352,2010-01-12,2010-01-12,695,1,15,36.25,1
17353,2010-03-25,2011-08-02,128,6,3368,4982.0,1
17354,2010-10-07,2011-10-20,50,5,3537,4527.02,0
17355,2010-11-18,2010-11-18,385,1,249,273.31,1
17356,2010-01-20,2011-02-01,311,6,1091,1124.69,1
17357,2011-11-15,2011-11-15,23,4,304,768.78,0
17358,2010-02-24,2011-02-09,302,7,620,1221.82,1
17359,2010-03-01,2011-11-28,10,3,398,412.32,0
17360,2010-10-01,2011-11-22,16,9,952,1768.75,0
17361,2010-02-01,2011-10-21,48,8,537,1359.99,0
17362,2010-01-06,2011-04-14,238,9,740,1336.27,1
17363,2010-11-02,2010-11-09,394,3,499,920.46,1
17364,2009-12-07,2011-12-09,0,39,10156,16435.6,0
17365,2010-02-01,2011-11-27,12,23,12764,12951.85,0
17366,2010-09-09,2010-10-03,431,2,504,1077.24,1
17367,2011-04-15,2011-04-15,237,2,298,335.1,1
17368,2009-12-15,2011-11-16,22,22,3696,4637.16,0
17369,2010-09-10,2010-09-10,455,1,1152,979.2,1
17370,2011-06-23,2011-09-28,72,8,1080,892.36,0
17371,2009-12-08,2011-11-22,16,9,432,1073.77,0
17372,2009-12-03,2011-10-30,40,36,2610,5684.49,0
17373,2010-02-28,2011-10-30,39,11,1146,1814.42,0
17374,2010-11-09,2011-05-05,218,5,240,1222.88,1
17375,2010-10-04,2011-05-24,198,7,847,1060.65,1
17376,2010-07-05,2011-09-30,70,6,330,656.84,0
17377,2009-12-02,2011-11-16,23,98,9373,21702.59,0
17378,2010-11-30,2010-11-30,373,1,1,10.95,1
17379,2011-11-28,2011-11-28,10,2,1246,779.44,0
17380,2010-06-23,2010-10-01,433,3,252,645.0,1
17381,2010-06-09,2011-12-01,8,67,68528,56674.26,0
17382,2010-05-19,2011-10-05,64,9,482,967.68,0
17383,2010-09-12,2011-12-05,3,3,308,497.48,0
17384,2010-08-29,2011-11-20,18,5,209,843.95,0
17385,2011-11-25,2011-11-25,14,2,394,512.22,0
17386,2010-11-19,2011-12-02,7,13,3857,5499.19,0
17387,2011-11-06,2011-11-20,19,4,1044,1493.62,0
17388,2009-12-10,2011-09-23,77,15,3623,3934.93,0
17389,2009-12-04,2011-12-09,0,95,25492,89049.01,0
17390,2010-10-15,2010-10-15,420,1,49,149.3,1
17391,2011-06-28,2011-06-29,163,4,960,1017.6,1
17392,2010-09-15,2011-02-06,306,5,727,1003.19,1
17393,2010-08-08,2010-10-25,410,2,238,381.15,1
17394,2011-05-04,2011-05-04,218,2,482,407.74,1
17395,2010-07-19,2010-07-19,507,1,66,97.5,1
17396,2010-09-24,2011-10-31,38,22,4318,15740.4,0
17397,2010-10-19,2011-11-17,21,5,941,1879.69,0
17398,2011-03-29,2011-08-17,114,6,620,1306.76,1
17400,2009-12-17,2011-08-05,125,13,3273,6721.12,1
17401,2010-06-16,2010-06-16,540,1,34,114.85,1
17402,2009-12-16,2011-12-05,4,36,2151,7269.41,0
17403,2010-09-15,2011-11-03,35,3,299,646.79,0
17404,2010-01-07,2011-12-05,3,38,83427,79687.94,0
17405,2011-07-12,2011-12-08,0,6,1452,2062.82,0
17406,2009-12-06,2011-01-10,332,16,2627,6371.37,1
17407,2010-10-24,2010-10-24,411,1,426,552.9,1
17408,2010-07-13,2011-06-29,162,4,166,348.74,1
17409,2009-12-11,2011-06-08,184,12,4194,8565.36,1
17410,2011-05-08,2011-11-23,15,10,1232,2429.44,0
17411,2009-12-03,2011-11-27,11,8,914,2204.32,0
17412,2009-12-02,2011-12-07,2,23,3292,5478.28,0
17413,2010-05-19,2010-10-31,404,2,302,560.14,1
17414,2009-12-03,2011-10-27,43,8,8356,3027.52,0
17415,2011-09-21,2011-09-21,79,2,228,1015.68,0
17416,2009-12-14,2011-11-10,29,29,13071,24191.87,0
17417,2010-06-09,2010-06-09,548,1,76,164.18,1
17418,2010-11-17,2011-10-28,41,5,810,1133.52,0
17419,2010-01-25,2011-11-28,10,30,4760,10352.82,0
17420,2010-11-03,2011-10-20,49,9,711,1552.41,0
17421,2009-12-04,2010-11-18,385,3,807,1059.41,1
17422,2010-06-23,2011-11-23,15,17,5791,5574.13,0
17423,2010-11-11,2011-10-24,45,5,1249,1817.36,0
17425,2011-10-10,2011-11-20,18,4,814,1518.34,0
17426,2010-02-17,2011-12-01,7,19,8281,13115.03,0
17427,2011-09-29,2011-09-29,71,2,68,201.6,0
17428,2009-12-01,2011-12-09,0,73,26830,48723.61,0
17429,2010-10-06,2011-08-03,127,8,1910,1882.38,1
17430,2010-08-17,2011-11-07,32,6,645,888.33,0
17431,2011-01-30,2011-01-30,312,2,584,806.6,1
17432,2009-12-03,2011-11-21,17,11,1215,2094.75,0
17433,2010-11-19,2011-09-12,87,3,490,873.12,0
17434,2011-09-15,2011-12-07,1,14,3386,4747.64,0
17435,2010-10-24,2010-10-24,410,1,195,331.35,1
17436,2009-12-07,2011-12-08,1,7,268,750.36,0
17437,2010-06-28,2010-06-28,529,1,283,369.68,1
17438,2010-03-08,2011-03-31,253,6,656,1811.22,1
17439,2010-02-22,2010-02-22,655,1,370,325.74,1
17440,2010-06-08,2011-07-06,156,7,528,510.0,1
17441,2009-12-07,2009-12-07,731,1,245,293.35,1
17442,2010-02-15,2011-11-03,36,21,4630,6868.86,0
17443,2011-05-04,2011-05-04,219,2,1008,1068.48,1
17444,2011-06-20,2011-07-15,147,6,4238,5880.08,1
17446,2011-02-02,2011-06-16,176,4,396,241.8,1
17447,2011-09-29,2011-10-30,39,4,886,1083.06,0
17448,2010-03-04,2010-07-30,496,46,11534,14523.67,1
17449,2009-12-09,2011-12-07,1,20,3604,7387.36,0
17450,2010-09-27,2011-12-01,7,97,153887,439175.04,0
17451,2011-08-26,2011-12-08,0,14,2406,3442.8,0
17453,2011-10-06,2011-11-22,17,4,438,973.44,0
17454,2010-01-15,2011-05-31,191,14,970,2065.47,1
17455,2011-05-20,2011-05-20,203,2,132,263.4,1
17456,2010-09-09,2010-12-09,364,3,730,1225.42,1
17457,2009-12-07,2011-08-05,126,19,3521,7722.51,1
17458,2010-11-23,2011-11-24,14,3,452,846.08,0
17459,2011-10-10,2011-10-27,42,4,1074,1314.6,0
17460,2010-01-22,2011-09-06,93,22,1190,2780.4,1
17461,2011-11-10,2011-11-17,22,6,1540,1471.64,0
17462,2011-02-28,2011-10-10,59,4,454,1351.38,0
17463,2010-04-29,2011-11-23,15,12,2566,4411.12,0
17464,2010-03-30,2011-07-04,157,4,828,1197.1,1
17465,2009-12-03,2010-10-10,425,7,1477,2542.79,1
17466,2011-09-22,2011-11-29,9,4,612,1526.56,0
17467,2010-11-09,2010-11-09,394,1,20,102.6,1
17468,2010-11-29,2011-11-29,9,5,300,331.8,0
17469,2009-12-16,2011-11-23,15,22,3091,6922.22,0
17470,2010-07-19,2011-10-26,44,16,4406,3751.54,0
17471,2010-08-22,2010-08-22,474,1,153,321.65,1
17472,2010-03-21,2011-06-01,190,7,1006,1619.89,1
17473,2010-09-09,2010-10-27,408,2,270,607.0,1
17474,2010-04-19,2010-04-19,599,1,200,1047.0,1
17475,2011-09-21,2011-09-21,78,2,356,388.74,0
17476,2009-12-02,2010-11-09,395,2,224,489.86,1
17477,2010-03-02,2010-04-06,612,2,225,1144.3,1
17478,2010-03-16,2010-10-27,407,2,516,1272.8,1
17479,2010-03-17,2010-03-17,632,1,266,389.26,1
17480,2010-09-21,2011-09-23,77,3,919,1394.05,0
17481,2011-09-07,2011-12-06,3,8,2122,2511.18,0
17482,2010-05-10,2010-08-09,486,2,240,775.64,1
17483,2010-10-21,2011-10-05,64,7,456,1005.77,0
17484,2010-03-25,2010-05-12,575,2,339,209.57,1
17486,2011-03-23,2011-03-23,260,2,382,793.74,1
17487,2009-12-11,2009-12-11,727,1,37,160.55,1
17488,2010-03-08,2010-03-08,640,1,136,336.5,1
17489,2011-05-11,2011-10-12,58,4,856,753.28,0
17490,2010-05-19,2011-12-09,0,16,2665,4842.82,0
17491,2010-04-28,2011-12-08,0,27,5375,9212.54,0
17492,2010-07-09,2011-04-05,247,4,605,1496.99,1
17493,2010-11-19,2010-11-19,384,1,62,100.91,1
17494,2010-07-26,2010-07-26,501,1,26,54.7,1
17495,2010-11-14,2011-12-02,7,5,596,1304.28,0
17496,2010-01-14,2010-12-16,358,5,754,1683.94,1
17497,2010-04-08,2010-11-14,389,2,59,287.25,1
17498,2011-09-25,2011-09-25,75,2,788,544.44,0
17499,2010-05-27,2011-02-23,289,3,1797,1964.27,1
17500,2011-11-10,2011-11-22,16,6,34,2276.0,0
17501,2011-05-03,2011-05-03,220,4,320,577.2,1
17502,2011-11-10,2011-11-30,8,8,752,1378.2,0
17503,2011-11-01,2011-12-07,2,4,972,1117.92,0
17504,2010-02-08,2011-05-17,205,27,7084,12487.2,1
17505,2010-04-13,2011-07-01,161,7,1798,3581.32,1
17506,2011-09-25,2011-09-25,75,2,278,604.4,0
17507,2011-02-03,2011-03-23,261,4,718,1211.16,1
17508,2009-12-07,2011-03-04,280,9,3180,4966.54,1
17509,2011-10-07,2011-10-13,57,16,7024,12167.28,0
17510,2010-10-15,2011-11-15,24,3,636,823.04,0
17511,2009-12-02,2011-12-07,2,91,181723,263195.25,0
17512,2009-12-10,2011-11-11,28,28,8187,8392.81,0
17513,2010-08-17,2011-09-28,71,4,694,1672.0,0
17514,2010-02-08,2011-08-03,127,3,419,730.65,1
17515,2010-06-07,2011-11-08,30,13,770,2241.53,0
17516,2010-11-26,2011-11-24,14,11,936,1712.38,0
17517,2011-02-04,2011-02-04,308,2,204,307.88,1
17518,2010-03-28,2010-10-10,425,2,267,329.42,1
17519,2009-12-01,2011-11-22,16,21,4466,6618.19,0
17520,2011-10-17,2011-10-17,53,2,730,1093.62,0
17521,2010-10-01,2011-11-10,29,8,1325,2001.27,0
17522,2011-05-05,2011-12-08,1,10,2068,2141.42,0
17523,2011-11-20,2011-11-28,10,8,1744,1305.48,0
17524,2010-09-27,2010-12-13,360,4,452,684.14,1
17525,2010-10-07,2010-12-15,359,4,420,1584.6,1
17526,2009-12-17,2011-12-05,4,16,1752,5135.14,0
17527,2011-05-05,2011-10-17,53,8,976,1878.74,0
17528,2011-09-29,2011-12-08,0,16,4276,7257.0,0
17529,2010-01-11,2010-04-08,609,2,790,1240.25,1
17530,2009-12-06,2011-12-08,0,22,3255,5158.81,0
17531,2010-03-31,2011-06-02,189,4,608,1563.52,1
17532,2010-11-19,2010-11-19,385,1,30,65.34,1
17533,2010-10-01,2010-10-01,434,1,24,34.8,1
17534,2010-02-25,2011-10-17,53,6,963,1892.19,0
17535,2011-03-04,2011-03-04,279,2,272,328.8,1
17536,2010-01-26,2011-06-15,176,4,207,441.33,1
17537,2011-02-09,2011-11-10,29,4,1398,1775.34,0
17538,2011-11-14,2011-11-14,25,2,268,196.84,0
17539,2009-12-13,2010-04-01,617,4,708,1176.84,1
17540,2010-04-19,2011-11-15,24,8,782,2169.5,0
17541,2010-07-18,2010-07-18,509,1,44,119.86,1
17542,2010-03-08,2011-03-15,269,4,457,511.6,1
17543,2010-06-08,2010-06-08,549,1,62,120.05,1
17544,2010-11-14,2010-11-14,389,3,410,944.82,1
17545,2010-05-11,2011-10-27,42,9,1019,2052.18,0
17547,2010-02-12,2010-11-29,375,2,223,727.85,1
17548,2010-11-08,2011-04-20,233,5,552,834.56,1
17549,2011-10-19,2011-11-16,23,4,420,297.72,0
17550,2010-02-07,2011-05-26,196,12,1054,2773.8,1
17551,2010-12-15,2010-12-15,358,2,284,580.68,1
17552,2010-03-22,2011-10-10,59,16,2670,3717.18,0
17553,2010-04-08,2011-08-02,129,5,3336,5245.2,1
17554,2011-07-14,2011-12-08,0,10,3526,3904.9,0
17555,2010-05-02,2011-11-20,19,7,1087,1526.05,0
17556,2010-11-25,2011-05-18,205,3,285,458.57,1
17557,2009-12-07,2011-11-25,13,7,616,1116.92,0
17558,2010-11-11,2010-11-11,392,1,54,259.17,1
17559,2010-07-15,2010-07-15,512,1,270,167.62,1
17560,2010-02-17,2011-09-06,94,12,2223,2750.75,1
17561,2009-12-06,2011-11-20,18,5,525,868.14,0
17562,2011-06-19,2011-11-25,13,14,1634,2244.76,0
17563,2010-04-07,2010-05-10,577,2,256,392.38,1
17564,2011-09-20,2011-11-15,23,6,292,908.02,0
17565,2010-05-02,2010-05-02,586,1,67,131.83,1
17566,2011-11-14,2011-12-01,7,4,994,1739.54,0
17567,2010-09-24,2011-12-02,6,17,5540,9169.56,0
17568,2010-03-16,2010-03-16,632,1,275,374.45,1
17569,2011-01-11,2011-01-11,331,2,318,688.28,1
17570,2010-11-23,2010-11-23,381,1,1,100.0,1
17571,2010-06-15,2011-10-20,49,9,1867,3056.58,0
17572,2009-12-15,2011-09-29,70,14,422,878.96,0
17573,2011-09-07,2011-11-10,28,6,616,761.2,0
17574,2011-04-11,2011-04-11,242,2,154,371.3,1
17575,2010-02-10,2010-02-10,666,1,72,171.7,1
17576,2009-12-03,2011-12-01,7,60,6550,12276.78,0
17577,2010-02-09,2010-03-04,644,2,179,348.75,1
17578,2010-06-28,2011-05-05,217,8,667,1190.79,1
17579,2010-05-10,2011-12-05,4,7,633,1202.18,0
17580,2010-10-13,2011-04-01,252,8,311,756.74,1
17581,2009-12-03,2011-12-09,0,68,15434,28976.41,0
17582,2010-03-26,2011-04-17,235,6,726,1622.22,1
17583,2010-05-28,2010-05-28,559,1,55,135.95,1
17584,2010-01-25,2011-12-02,6,8,2922,6551.72,0
17585,2010-08-18,2011-08-22,108,11,4160,3181.39,1
17586,2010-03-30,2010-03-30,618,1,68,167.4,1
17587,2010-03-21,2010-03-21,627,1,67,176.71,1
17588,2010-03-12,2011-08-31,99,10,2055,4179.75,1
17589,2010-03-07,2011-10-10,59,22,10335,16242.11,0
17590,2011-10-30,2011-12-07,1,6,1644,2936.04,0
17591,2010-01-17,2011-09-27,72,15,2028,4542.99,0
17592,2009-12-01,2009-12-01,738,1,38,148.3,1
17593,2009-12-04,2011-12-06,3,16,8684,12016.18,0
17594,2010-04-14,2011-09-15,84,6,1918,3491.06,0
17595,2011-11-02,2011-11-27,11,4,456,773.38,0
17596,2009-12-15,2011-11-16,22,20,11386,7298.15,0
17597,2010-05-05,2011-05-10,213,6,3391,5528.46,1
17598,2010-11-23,2010-11-23,380,1,126,409.98,1
17599,2010-08-19,2010-08-19,477,1,11,52.05,1
17600,2011-11-22,2011-11-22,17,2,288,323.34,0
17601,2010-11-24,2011-04-14,238,3,398,529.09,1
17602,2010-03-30,2011-12-07,1,20,9996,12408.85,0
17603,2009-12-10,2011-09-22,77,5,712,2183.1,0
17604,2010-01-27,2011-05-06,216,8,783,1251.74,1
17605,2010-04-28,2010-04-28,589,1,71,160.75,1
17606,2009-12-02,2009-12-02,736,1,42,87.3,1
17607,2010-11-28,2010-11-28,375,1,269,333.81,1
17608,2010-04-11,2011-11-06,32,6,757,680.05,0
17609,2010-04-09,2011-10-30,40,16,2040,2993.68,0
17610,2009-12-06,2010-06-17,539,5,893,1511.94,1
17611,2009-12-01,2011-12-02,6,43,7891,12298.65,0
17612,2009-12-17,2011-10-17,52,24,5329,7443.31,0
17613,2011-02-07,2011-11-17,22,28,4980,9089.1,0
17614,2011-10-13,2011-10-13,56,2,470,772.64,0
17615,2010-08-11,2011-08-01,129,9,518,1051.4,1
17616,2010-09-14,2011-06-19,173,7,512,1305.6,1
17617,2010-05-30,2010-05-30,558,1,249,385.19,1
17618,2010-01-24,2011-12-04,5,14,2117,4931.92,0
17619,2011-01-31,2011-01-31,311,2,248,428.74,1
17620,2011-10-11,2011-10-11,59,2,120,162.88,0
17621,2010-10-04,2011-11-18,20,9,1624,4555.02,0
17622,2010-04-20,2010-04-21,597,2,379,1130.21,1
17623,2009-12-14,2011-11-07,32,8,1064,2892.82,0
17624,2009-12-20,2011-11-25,14,6,1512,2412.11,0
17625,2009-12-15,2011-11-21,17,12,4685,7999.3,0
17626,2010-04-16,2010-04-16,602,1,202,254.0,1
17627,2010-08-18,2010-08-18,478,1,676,296.36,1
17628,2011-09-19,2011-09-19,80,2,158,151.5,0
17629,2010-10-14,2011-12-04,5,18,3532,4269.64,0
17630,2011-04-21,2011-06-23,169,4,316,1007.2,1
17631,2009-12-09,2011-12-08,1,10,925,1526.82,0
17633,2010-11-15,2011-11-08,30,11,1543,3382.23,0
17634,2011-01-06,2011-11-03,35,18,1676,4717.18,0
17635,2010-04-28,2010-10-11,423,3,770,1265.58,1
17636,2011-11-20,2011-11-20,18,2,364,571.12,0
17637,2011-08-16,2011-11-08,30,4,560,1094.12,0
17638,2009-12-18,2010-03-02,646,2,432,842.4,1
17639,2010-08-13,2011-03-08,275,7,625,723.67,1
17640,2010-03-23,2011-09-14,86,7,1942,3790.6,0
17642,2009-12-05,2011-08-12,119,7,1949,2536.78,1
17643,2010-07-22,2010-12-01,372,3,297,541.25,1
17644,2010-02-16,2011-12-08,0,31,5262,8924.24,0
17646,2009-12-16,2011-05-04,218,15,1631,4907.18,1
17647,2010-02-08,2011-10-05,64,4,112,464.72,0
17648,2010-11-19,2011-10-10,60,9,1441,4013.87,0
17649,2010-08-24,2011-07-24,137,4,1122,2447.38,1
17650,2011-11-18,2011-11-18,20,2,300,332.16,0
17651,2010-07-01,2011-11-28,11,26,7198,9648.52,0
17652,2011-03-03,2011-11-14,24,24,5018,9735.44,0
17653,2011-08-11,2011-11-03,36,8,2818,2415.12,0
17654,2011-03-07,2011-03-07,276,2,82,235.1,1
17655,2010-10-19,2011-11-29,10,16,2384,5615.32,0
17656,2011-08-03,2011-09-27,72,10,2798,3349.38,0
17657,2010-10-05,2010-10-05,429,1,60,126.0,1
17658,2011-05-12,2011-11-14,25,4,1232,1190.84,0
17659,2010-11-18,2011-11-22,16,26,3277,6586.45,0
17660,2009-12-02,2011-07-21,140,3,380,520.97,1
17662,2009-12-17,2010-02-16,661,2,184,412.92,1
17663,2010-03-04,2011-11-14,25,24,3094,6978.74,0
17664,2010-03-29,2011-11-21,18,6,1662,1770.87,0
17665,2010-08-03,2010-08-03,492,1,690,563.1,1
17666,2010-06-30,2011-12-06,3,7,2148,2775.96,0
17667,2010-02-23,2011-10-04,65,14,3225,6006.21,0
17668,2011-11-01,2011-12-08,0,4,186,695.5,0
17669,2010-04-01,2011-10-28,42,17,5421,9549.07,0
17670,2011-04-26,2011-04-26,227,2,220,411.4,1
17671,2010-11-29,2011-11-24,15,9,1759,3581.87,0
17672,2010-01-26,2011-10-20,49,9,4448,8956.8,0
17673,2010-03-19,2011-12-08,1,19,4746,5768.85,0
17674,2010-12-06,2011-09-26,73,4,1344,1102.08,0
17675,2009-12-10,2011-12-08,0,101,24540,58016.76,0
17676,2010-03-30,2011-12-05,3,16,2686,3819.82,0
17677,2009-12-16,2011-12-08,1,84,30693,51403.84,0
17678,2010-04-15,2011-03-21,263,3,575,897.87,1
17679,2009-12-03,2011-10-18,52,9,2484,5569.72,0
17680,2010-07-16,2011-11-16,23,4,251,681.85,0
17681,2010-01-15,2010-04-21,596,5,450,731.2,1
17682,2010-03-08,2011-11-29,9,17,3648,6539.61,0
17683,2010-06-03,2010-11-19,385,3,781,819.01,1
17684,2011-10-27,2011-10-27,43,2,290,478.82,0
17685,2010-02-11,2011-11-23,16,19,5381,8610.78,0
17686,2010-06-24,2011-12-02,6,16,6061,14036.27,0
17687,2010-10-15,2010-10-15,420,1,210,432.68,1
17688,2010-11-11,2010-11-11,393,1,114,304.2,1
17689,2010-08-22,2010-11-16,387,2,300,317.08,1
17690,2010-02-03,2011-11-09,29,35,4708,11690.6,0
17691,2010-06-11,2010-12-16,357,6,449,927.95,1
17692,2010-06-17,2011-08-04,126,16,3010,3716.74,1
17693,2011-07-25,2011-07-25,136,2,462,400.94,1
17694,2010-05-26,2011-07-21,141,4,1677,1979.09,1
17695,2010-01-28,2011-07-31,131,7,2588,2511.38,1
17696,2009-12-10,2011-11-01,37,35,7647,9965.3,0
17697,2011-04-17,2011-04-17,235,2,186,677.9,1
17698,2011-03-24,2011-03-24,260,2,186,309.9,1
17699,2010-05-27,2010-08-20,476,2,208,442.0,1
17700,2009-12-01,2011-11-23,16,18,4735,9214.61,0
17701,2011-04-01,2011-04-01,252,2,218,835.9,1
17702,2010-11-04,2011-11-09,29,10,3506,4968.41,0
17703,2010-10-17,2011-11-04,34,7,1487,1893.58,0
17704,2011-04-14,2011-06-24,168,4,686,1770.38,1
17705,2010-05-12,2011-12-06,2,20,2264,3907.42,0
17706,2010-01-19,2011-12-05,3,48,11723,30776.64,0
17707,2009-12-07,2011-06-07,184,10,690,761.7,1
17708,2010-10-12,2011-06-05,187,6,477,1147.51,1
17709,2010-04-15,2011-06-23,169,6,312,808.46,1
17710,2010-10-12,2010-10-12,423,1,158,293.5,1
17711,2011-02-23,2011-11-29,10,4,492,770.2,0
17712,2011-10-26,2011-10-26,44,2,430,1045.82,0
17713,2010-06-09,2010-11-22,381,4,989,1198.09,1
17714,2010-07-14,2011-01-23,320,6,700,1563.18,1
17715,2010-04-26,2011-05-23,200,3,960,816.0,1
17716,2009-12-02,2011-11-17,22,35,11891,21612.96,0
17717,2010-10-14,2010-10-14,420,1,344,376.92,1
17718,2010-03-05,2011-04-21,231,3,357,578.53,1
17719,2011-03-29,2011-11-02,37,30,4932,10792.08,0
17720,2010-05-10,2011-11-13,25,14,2165,3862.85,0
17721,2010-02-18,2010-02-18,658,1,107,307.21,1
17722,2010-11-29,2011-09-04,95,9,4007,5944.26,1
17723,2010-11-29,2011-08-04,126,13,1704,6654.8,1
17724,2011-07-24,2011-09-29,70,6,600,2066.0,0
17725,2011-03-17,2011-11-23,15,22,4324,6878.16,0
17726,2010-01-26,2010-11-09,394,7,444,1092.06,1
17727,2011-11-24,2011-11-24,14,2,1290,2120.5,0
17728,2010-09-12,2011-12-06,3,8,3615,7114.77,0
17729,2010-04-22,2010-04-22,595,1,247,438.65,1
17730,2010-04-29,2011-12-06,2,33,8876,13072.28,0
17731,2010-02-09,2011-09-21,78,10,1200,2949.1,0
17732,2010-08-09,2010-12-02,372,9,1151,2470.39,1
17733,2011-03-23,2011-11-01,38,4,926,1384.38,0
17734,2010-03-07,2011-10-17,53,9,1163,2142.95,0
17735,2010-07-30,2011-12-07,1,45,19122,29900.35,0
17736,2011-08-18,2011-11-30,8,6,476,754.88,0
17737,2011-10-12,2011-11-30,8,4,216,336.48,0
17738,2010-03-19,2011-11-20,18,17,3805,6062.61,0
17739,2009-12-07,2011-11-28,11,25,3196,10521.94,0
17740,2010-01-11,2010-11-15,388,6,222,426.9,1
17741,2010-05-28,2010-10-29,406,2,114,101.1,1
17742,2009-12-01,2011-08-18,112,13,742,2453.59,1
17743,2010-09-17,2010-09-17,447,1,96,229.2,1
17744,2010-11-24,2011-12-06,3,13,7238,4971.54,0
17745,2010-06-02,2010-08-19,477,2,164,600.34,1
17746,2010-04-08,2011-04-13,239,5,717,1014.43,1
17747,2011-08-19,2011-08-19,112,2,24,142.8,1
17748,2010-06-30,2010-06-30,526,1,111,358.15,1
17749,2010-06-11,2011-06-14,177,5,766,1700.7,1
17750,2011-06-28,2011-12-04,4,18,7494,3420.9,0
17751,2010-10-14,2010-10-14,420,1,147,157.86,1
17752,2010-12-15,2010-12-15,358,2,384,161.28,1
17753,2010-01-06,2010-09-01,463,4,124,382.06,1
17754,2009-12-11,2011-12-09,0,18,6182,6115.87,0
17756,2010-11-10,2010-11-29,375,3,399,728.75,1
17757,2010-01-13,2011-12-08,0,86,8329,14667.44,0
17758,2010-05-20,2011-11-20,18,20,5253,8372.23,0
17759,2010-05-05,2011-11-22,16,8,1662,2081.84,0
17760,2010-02-28,2011-11-18,21,8,770,1033.98,0
17761,2011-11-07,2011-11-07,32,2,796,1425.56,0
17762,2010-09-09,2010-09-09,455,1,129,129.75,1
17763,2010-02-18,2011-03-21,262,5,53,101.15,1
17764,2009-12-03,2011-10-20,50,7,1025,2286.12,0
17765,2010-09-17,2011-07-04,158,7,338,891.63,1
17766,2010-11-23,2010-11-23,380,2,155,299.61,1
17767,2010-10-25,2011-11-24,14,3,326,684.25,0
17768,2009-12-02,2011-12-01,7,10,3461,5374.63,0
17769,2010-01-19,2011-11-27,12,27,5007,11010.81,0
17770,2011-03-02,2011-05-25,198,10,730,2286.54,1
17771,2010-04-29,2011-10-14,56,6,660,633.22,0
17772,2010-11-12,2011-11-29,10,5,168,534.2,0
17773,2010-01-18,2010-07-13,513,2,254,575.37,1
17774,2010-02-08,2011-09-04,96,13,2093,4487.56,1
17775,2011-03-30,2011-03-30,254,2,144,112.8,1
17776,2009-12-16,2010-11-18,386,2,273,330.56,1
17777,2011-08-31,2011-11-15,24,6,1002,1295.12,0
17778,2010-02-16,2010-02-16,661,1,214,197.7,1
17779,2011-07-19,2011-11-18,20,6,792,1300.64,0
17780,2010-01-24,2010-02-10,666,3,156,346.56,1
17781,2011-03-31,2011-07-03,158,4,68,376.04,1
17782,2010-11-22,2010-11-22,382,2,538,679.02,1
17783,2010-07-15,2011-09-28,71,5,792,660.43,0
17784,2010-06-07,2010-06-07,549,1,72,112.86,1
17785,2010-05-23,2011-10-17,52,4,294,535.32,0
17786,2011-01-26,2011-09-15,84,4,390,533.7,0
17787,2010-12-03,2011-07-10,152,8,1792,3635.08,1
17788,2011-08-02,2011-09-27,73,4,422,2235.8,0
17789,2010-02-16,2011-03-03,280,3,273,623.05,1
17790,2010-06-13,2011-11-13,26,34,2222,4743.71,0
17791,2011-11-10,2011-11-10,29,2,92,212.2,0
17792,2010-08-18,2010-08-29,466,2,149,368.35,1
17793,2011-11-14,2011-11-14,24,2,452,600.68,0
17794,2010-01-20,2010-01-22,686,2,46,147.3,1
17795,2011-03-20,2011-06-13,179,4,610,685.66,1
17796,2010-10-14,2011-10-30,39,11,523,1926.39,0
17797,2009-12-15,2011-11-17,21,11,1584,2752.3,0
17798,2010-05-07,2010-05-07,581,1,138,178.07,1
17799,2009-12-13,2011-11-17,21,30,5427,9286.1,0
17800,2011-01-09,2011-11-02,36,18,1464,2374.42,0
17801,2010-01-17,2010-09-14,450,3,820,770.03,1
17802,2009-12-13,2011-09-18,81,13,3457,6231.26,0
17803,2010-11-12,2010-11-12,391,1,98,184.66,1
17804,2009-12-01,2010-11-28,375,3,194,383.78,1
17805,2010-04-08,2011-09-27,73,3,1604,1439.34,0
17806,2011-11-28,2011-11-28,10,2,1454,1092.08,0
17807,2010-01-04,2010-11-09,394,3,262,437.87,1
17808,2010-05-07,2010-06-09,548,4,143,262.64,1
17809,2009-12-02,2011-11-23,15,32,5052,15497.8,0
17810,2010-01-25,2010-02-09,668,2,118,373.16,1
17811,2010-09-20,2011-12-05,3,86,9424,17281.62,0
17812,2010-06-27,2011-11-27,12,11,773,1611.8,0
17813,2011-09-29,2011-11-25,13,10,1504,3396.14,0
17814,2010-10-13,2010-11-29,374,2,1435,1609.37,1
17815,2010-11-11,2010-11-11,392,1,612,591.96,1
17816,2009-12-15,2011-11-03,36,10,110,132.67,0
17817,2010-10-13,2011-12-05,3,9,420,1175.83,0
17818,2009-12-02,2009-12-02,737,1,86,124.78,1
17819,2009-12-13,2011-09-29,71,19,2641,9725.92,0
17820,2010-11-30,2010-11-30,373,1,111,180.61,1
17821,2010-10-29,2010-10-29,405,1,162,334.62,1
17822,2010-05-28,2010-10-15,419,5,1375,2162.93,1
17823,2010-10-14,2010-10-14,420,2,252,449.25,1
17824,2011-10-19,2011-10-19,50,2,816,596.8,0
17825,2009-12-14,2010-04-20,598,4,516,701.96,1
17826,2010-11-30,2010-11-30,373,1,84,133.34,1
17827,2010-03-28,2011-12-04,4,11,2822,4363.5,0
17828,2011-06-08,2011-11-17,22,8,1334,3640.18,0
17829,2010-02-22,2011-02-14,298,6,3505,5645.98,1
17830,2011-02-24,2011-12-08,1,6,184,797.4,0
17831,2011-11-06,2011-11-06,32,2,24,70.8,0
17832,2011-10-21,2011-10-21,49,2,416,310.74,0
17833,2009-12-16,2009-12-16,722,1,143,338.46,1
17834,2010-09-20,2010-10-21,414,2,639,689.67,1
17835,2011-11-16,2011-12-07,2,6,688,684.48,0
17836,2011-10-23,2011-10-23,46,2,176,220.42,0
17837,2011-06-29,2011-10-28,41,16,1020,3082.46,0
17838,2010-03-19,2011-11-13,26,18,5322,8325.44,0
17839,2011-10-28,2011-10-28,41,2,514,636.3,0
17840,2010-09-22,2010-09-22,443,1,128,175.9,1
17841,2009-12-02,2011-12-08,1,335,59418,109065.09,0
17842,2010-04-16,2010-04-16,601,1,89,430.69,1
17843,2010-10-24,2011-02-09,302,3,364,525.88,1
17844,2011-08-25,2011-08-25,106,2,104,103.12,1
17845,2010-05-12,2010-06-02,554,4,195,596.09,1
17846,2011-09-15,2011-09-15,84,2,2,4066.2,0
17847,2010-03-04,2010-07-12,515,2,29,129.69,1
17848,2009-12-06,2011-09-19,80,39,1802,4460.31,0
17849,2010-03-14,2011-05-05,217,12,338,1669.56,1
17850,2009-12-05,2010-12-02,371,189,22785,56600.08,1
17851,2009-12-03,2010-10-13,421,6,933,1552.35,1
17852,2009-12-08,2011-11-28,11,7,425,772.15,0
17853,2009-12-03,2010-10-28,406,3,625,1596.29,1
17854,2009-12-08,2011-06-07,184,8,691,1379.76,1
17855,2010-12-02,2010-12-02,372,2,394,417.94,1
17856,2011-03-03,2011-12-08,1,8,1684,2836.06,0
17857,2010-03-08,2011-12-05,3,47,39162,54226.08,0
17858,2009-12-06,2011-12-04,5,42,8077,17659.31,0
17859,2011-02-08,2011-02-08,304,2,204,283.84,1
17860,2009-12-11,2010-12-06,368,5,789,943.84,1
17861,2009-12-10,2011-12-06,2,26,6526,7186.17,0
17862,2010-05-25,2011-01-20,323,5,540,1585.79,1
17863,2010-02-25,2011-10-11,58,18,7314,8520.48,0
17864,2010-10-08,2011-11-27,12,8,1721,1431.42,0
17865,2009-12-01,2011-11-09,30,66,18707,36838.51,0
17866,2009-12-14,2011-07-20,142,4,709,1464.6,1
17867,2009-12-02,2011-11-09,29,21,1146,2739.92,0
17868,2010-11-18,2010-11-18,385,1,85,227.15,1
17869,2010-06-10,2011-08-24,106,12,602,1241.82,1
17870,2010-11-23,2011-12-07,1,25,3050,4619.18,0
17871,2010-01-15,2011-05-19,204,6,847,1224.85,1
17872,2010-11-23,2010-11-23,381,1,176,235.87,1
17873,2009-12-16,2011-09-20,79,23,5194,8114.29,0
17874,2011-03-29,2011-06-07,184,12,442,1366.92,1
17875,2010-01-20,2010-01-20,687,1,98,167.1,1
17876,2010-02-02,2010-11-05,399,3,1958,3424.02,1
17877,2011-06-22,2011-06-22,169,2,196,475.22,1
17878,2010-11-09,2011-10-27,43,4,1415,1758.38,0
17879,2011-06-19,2011-06-19,173,2,90,357.04,1
17880,2009-12-09,2010-12-10,364,4,780,1283.84,1
17881,2011-02-08,2011-02-08,303,2,64,266.7,1
17882,2010-11-25,2010-11-25,378,2,130,291.56,1
17883,2010-02-25,2011-12-06,2,11,850,1652.76,0
17884,2009-12-04,2011-12-06,3,24,3566,3393.54,0
17885,2011-11-27,2011-11-27,11,2,220,312.68,0
17886,2010-04-29,2011-11-08,31,9,1180,2441.83,0
17887,2011-08-02,2011-08-02,128,2,60,222.7,1
17888,2009-12-21,2011-11-18,20,33,2509,2523.44,0
17889,2010-03-31,2011-05-11,211,9,480,947.79,1
17890,2010-12-13,2011-01-21,322,4,804,1173.78,1
17891,2011-06-30,2011-06-30,161,2,786,407.72,1
17892,2011-07-07,2011-10-14,55,6,218,488.2,0
17893,2011-04-28,2011-04-28,224,2,298,214.42,1
17894,2010-08-27,2011-09-29,71,26,1342,3423.54,0
17895,2011-10-26,2011-10-26,43,2,254,190.9,0
17896,2011-11-16,2011-11-16,22,2,576,512.64,0
17897,2010-05-12,2011-06-20,172,12,1086,2641.7,1
17898,2010-05-21,2011-09-15,84,6,441,451.24,0
17899,2011-07-03,2011-07-03,158,2,340,309.1,1
17900,2011-06-02,2011-06-02,189,4,146,224.4,1
17901,2010-07-06,2011-11-10,28,4,62,370.46,0
17902,2010-06-11,2010-06-11,546,1,526,216.4,1
17903,2010-11-10,2010-11-10,393,1,142,381.09,1
17904,2011-11-18,2011-11-18,20,2,118,362.14,0
17905,2010-01-28,2011-09-29,70,17,1705,2977.86,0
17906,2011-04-06,2011-04-06,246,2,52,145.8,1
17907,2010-03-09,2010-03-09,640,1,1046,291.76,1
17908,2009-12-14,2010-12-01,373,6,839,1374.5,1
17909,2009-12-02,2009-12-02,736,1,35,110.05,1
17910,2009-12-13,2009-12-13,725,1,121,261.7,1
17911,2011-11-30,2011-11-30,8,2,446,732.46,0
17912,2010-11-29,2011-02-02,309,11,399,684.61,1
17913,2009-12-03,2011-10-12,58,16,2013,3837.94,0
17914,2011-12-06,2011-12-06,3,2,914,658.72,0
17915,2010-06-06,2010-06-06,550,1,184,225.78,1
17916,2009-12-06,2010-03-21,628,2,90,43.87,1
17917,2010-12-12,2011-10-25,44,6,368,670.06,0
17918,2010-07-22,2010-07-27,500,3,352,396.39,1
17919,2010-09-27,2011-09-12,87,3,2208,3144.36,0
17920,2009-12-06,2011-12-05,3,71,14738,27701.28,0
17921,2010-07-15,2011-10-06,63,14,1416,3214.59,0
17922,2010-06-14,2010-06-14,542,1,49,170.4,1
17923,2010-06-13,2011-03-02,281,4,190,704.5,1
17924,2010-10-21,2011-11-28,11,15,2368,6220.2,0
17925,2010-12-02,2010-12-02,372,2,144,488.16,1
17926,2010-05-09,2011-07-29,132,7,878,1432.78,1
17927,2009-12-18,2009-12-18,721,1,108,294.0,1
17928,2010-05-17,2011-10-25,44,5,362,553.78,0
17929,2009-12-09,2011-11-28,10,16,542,3925.1,0
17930,2010-03-04,2011-11-04,35,18,5389,6015.7,0
17931,2010-02-16,2011-07-28,133,16,2168,3810.6,1
17932,2011-05-12,2011-11-10,28,6,1578,2663.14,0
17933,2010-03-17,2010-03-17,631,1,63,114.69,1
17934,2010-10-29,2011-10-19,51,5,1106,1753.4,0
17935,2009-12-04,2011-07-24,137,9,326,831.93,1
17936,2011-12-04,2011-12-04,4,2,514,760.26,0
17937,2010-12-12,2011-12-01,8,14,3508,8602.44,0
17938,2010-10-15,2010-10-15,419,1,53,144.29,1
17939,2011-07-03,2011-07-03,159,2,80,198.28,1
17940,2009-12-03,2011-10-21,48,26,94471,34326.83,0
17941,2010-01-06,2011-08-01,130,5,1360,1737.84,1
17942,2011-12-02,2011-12-02,7,2,76,155.0,0
17944,2010-10-12,2010-10-12,422,1,84,74.99,1
17945,2010-01-12,2010-01-12,696,3,244,360.35,1
17946,2011-03-25,2011-04-20,232,4,150,299.16,1
17947,2011-11-02,2011-11-02,36,2,336,353.36,0
17948,2011-07-15,2011-07-15,146,2,288,717.12,1
17949,2009-12-02,2011-12-08,0,163,91084,175824.56,0
17950,2010-01-04,2011-09-28,71,10,1025,1648.49,0
17951,2010-10-31,2011-10-31,39,7,1396,2349.12,0
17952,2010-06-16,2010-11-26,377,4,477,788.46,1
17953,2010-06-17,2010-06-17,539,1,98,159.17,1
17954,2009-12-09,2011-12-04,4,31,5401,6118.51,0
17955,2010-02-12,2011-05-25,198,10,954,1507.2,1
17956,2011-04-04,2011-04-04,248,2,2,25.5,1
17957,2011-10-04,2011-10-04,65,2,574,223.36,0
17958,2009-12-11,2011-08-15,116,3,368,1482.34,1
17959,2010-04-26,2010-04-26,591,1,49,140.75,1
17960,2010-03-08,2011-06-21,170,4,101,208.86,1
17961,2009-12-01,2011-11-18,20,139,2051,4163.18,0
17962,2010-01-13,2011-07-20,141,5,760,769.37,1
17963,2010-01-19,2010-08-25,470,4,341,643.16,1
17964,2010-12-02,2011-11-08,31,4,588,926.42,0
17965,2009-12-14,2011-11-02,37,43,5915,9605.84,0
17966,2010-01-18,2011-11-02,37,15,6489,3062.35,0
17967,2010-10-19,2010-12-03,371,3,184,335.69,1
17968,2010-07-15,2010-12-01,373,5,503,855.54,1
17969,2009-12-06,2011-06-26,165,22,1166,2582.49,1
17970,2011-05-12,2011-05-12,210,2,1026,1125.58,1
17971,2010-06-09,2010-06-09,547,1,62,161.94,1
17972,2011-04-12,2011-04-12,241,2,72,270.38,1
17973,2011-10-19,2011-10-19,51,2,352,674.08,0
17974,2010-10-28,2011-11-15,24,9,1689,2443.08,0
17975,2010-08-06,2011-11-24,14,37,3744,11179.59,0
17976,2010-12-02,2010-12-02,371,2,186,643.58,1
17977,2010-11-04,2011-11-10,28,3,2290,1799.59,0
17978,2009-12-08,2010-12-09,364,5,1796,1460.91,1
17979,2011-03-25,2011-11-04,35,8,766,1464.82,0
17980,2010-11-11,2011-06-27,165,7,1453,1824.17,1
17981,2010-10-25,2010-10-25,410,1,260,239.12,1
17982,2010-01-28,2010-01-28,680,1,117,138.18,1
17983,2010-11-09,2010-11-09,394,1,108,171.71,1
17984,2009-12-01,2011-07-17,144,6,1037,1304.87,1
17985,2011-11-17,2011-11-17,21,2,342,1262.7,0
17986,2011-10-14,2011-10-14,55,2,20,41.6,0
17987,2010-06-07,2011-06-07,184,6,1242,1164.01,1
17988,2009-12-07,2011-11-28,11,21,229,690.66,0
17989,2010-11-25,2010-11-25,378,1,300,207.33,1
17990,2009-12-07,2011-04-17,236,9,1191,2158.45,1
17991,2010-04-27,2011-04-28,224,5,118,393.65,1
17992,2010-11-15,2010-11-15,388,1,130,252.88,1
17993,2010-04-01,2010-04-01,616,1,108,225.99,1
17994,2010-03-29,2011-08-10,121,15,2676,2944.92,1
17995,2010-11-17,2011-03-03,281,4,396,571.58,1
17996,2010-06-11,2010-11-25,379,3,587,482.33,1
17997,2011-06-28,2011-09-26,73,16,4546,3924.92,0
17998,2009-12-01,2010-11-24,379,3,561,639.24,1
17999,2010-11-26,2011-11-02,36,5,505,908.85,0
18000,2010-05-24,2010-05-24,563,1,109,124.25,1
18001,2009-12-02,2011-11-27,11,8,1236,1339.27,0
18002,2009-12-08,2010-11-29,375,4,71,244.37,1
18003,2010-11-28,2010-11-28,375,1,297,353.51,1
18004,2010-12-12,2010-12-12,361,2,150,315.84,1
18005,2011-10-23,2011-12-06,3,4,172,452.94,0
18006,2009-12-17,2011-11-16,22,5,615,1414.19,0
18007,2010-11-12,2010-11-12,392,1,246,215.22,1
18008,2010-01-06,2011-09-30,69,32,9406,21875.27,0
18009,2010-02-25,2011-04-18,234,9,776,2391.62,1
18010,2011-03-28,2011-03-28,256,2,120,349.6,1
18011,2010-05-21,2010-12-01,372,3,196,513.58,1
18012,2009-12-16,2009-12-16,722,1,63,115.3,1
18013,2011-07-07,2011-07-07,154,4,570,374.58,1
18014,2011-11-11,2011-11-11,27,2,132,324.44,0
18015,2011-12-05,2011-12-05,3,2,314,240.06,0
18016,2010-01-27,2011-11-07,31,12,2234,3432.22,0
18017,2010-10-04,2011-09-19,80,7,700,1211.0,0
18018,2010-10-15,2011-08-23,107,6,241,420.13,1
18019,2011-10-19,2011-10-19,51,2,14,76.9,0
18020,2010-06-14,2010-06-14,543,1,67,190.48,1
18021,2010-07-15,2010-07-18,509,2,168,216.41,1
18022,2010-06-11,2011-11-04,35,6,2014,2119.97,0
18024,2011-07-10,2011-07-10,152,4,368,779.56,1
18025,2010-03-30,2010-11-25,379,6,1053,1177.72,1
18026,2010-07-22,2010-07-27,500,2,530,2074.07,1
18027,2011-09-02,2011-09-02,98,2,156,230.62,1
18028,2010-05-05,2010-05-05,582,1,133,192.05,1
18029,2010-03-07,2010-03-07,641,1,253,433.77,1
18030,2011-10-28,2011-12-05,3,4,134,461.3,0
18031,2010-11-26,2010-11-26,378,1,298,451.3,1
18032,2011-01-09,2011-01-09,333,2,84,147.0,1
18033,2011-10-05,2011-10-05,64,2,504,187.64,0
18034,2010-11-29,2011-11-18,21,5,1510,1172.88,0
18035,2010-11-19,2011-11-04,35,8,1718,1974.12,0
18036,2009-12-18,2011-11-07,31,14,973,1948.61,0
18037,2009-12-01,2011-07-08,153,21,57,237.44,1
18038,2010-06-01,2010-06-01,555,1,80,141.48,1
18039,2010-03-09,2010-11-30,373,4,555,548.22,1
18040,2011-04-08,2011-11-20,18,4,296,714.4,0
18041,2010-01-14,2011-11-28,11,59,11074,12116.14,0
18042,2010-06-16,2011-10-17,53,3,102,446.2,0
18043,2010-12-08,2011-11-15,24,6,530,1058.58,0
18044,2010-05-28,2011-12-05,3,28,2631,5594.21,0
18045,2011-10-25,2011-10-25,44,2,276,356.68,0
18046,2010-02-28,2010-02-28,649,1,44,189.63,1
18047,2010-11-23,2010-11-23,380,2,130,326.09,1
18048,2010-08-03,2011-05-20,202,5,383,567.22,1
18049,2010-04-28,2010-09-28,436,2,402,500.92,1
18050,2010-11-11,2010-12-15,358,3,290,486.46,1
18051,2009-12-09,2010-03-15,633,7,1661,2282.28,1
18052,2010-05-24,2010-05-24,564,1,17766,10877.18,1
18053,2010-06-30,2011-09-30,70,4,711,871.09,0
18054,2010-11-12,2010-11-12,392,1,96,176.5,1
18055,2010-10-22,2011-12-02,6,24,5986,16903.98,0
18056,2010-03-31,2011-02-24,287,3,545,918.25,1
18057,2010-01-18,2010-11-11,392,3,970,1188.46,1
18058,2010-02-10,2011-11-30,9,4,482,944.22,0
18059,2011-10-03,2011-11-16,22,6,516,612.92,0
18060,2010-05-24,2010-10-27,407,2,902,1185.46,1
18061,2009-12-04,2011-11-18,21,38,4314,8203.22,0
18062,2010-04-21,2011-06-19,172,9,1227,2353.19,1
18063,2010-03-16,2010-11-14,390,2,48,186.6,1
18064,2010-02-01,2011-07-29,132,13,3069,5295.83,1
18065,2009-12-09,2011-12-04,5,43,3292,8259.46,0
18066,2010-10-20,2011-09-25,74,4,643,1758.4,0
18067,2011-10-30,2011-10-30,39,2,378,792.66,0
18068,2011-02-23,2011-02-23,288,2,12,203.4,1
18069,2010-02-28,2011-11-13,25,16,4464,6474.16,0
18070,2010-02-08,2010-02-08,668,1,86,314.1,1
18071,2009-12-05,2011-03-27,257,8,938,1622.68,1
18072,2011-06-07,2011-06-07,185,2,576,494.88,1
18073,2011-05-26,2011-08-17,113,24,6204,7719.64,1
18074,2010-07-22,2010-12-01,373,3,551,1509.04,1
18075,2010-07-29,2011-11-16,22,30,4745,8395.04,0
18076,2010-11-24,2010-11-24,379,1,164,151.49,1
18077,2009-12-07,2011-12-01,7,29,4859,6663.2,0
18078,2010-03-21,2011-05-06,216,6,515,1061.66,1
18079,2010-08-05,2011-10-25,44,9,16077,7817.08,0
18080,2011-04-11,2011-11-21,18,4,1284,2463.0,0
18081,2011-07-29,2011-11-03,35,6,390,686.9,0
18082,2011-11-14,2011-11-14,25,2,1216,1361.68,0
18083,2010-11-07,2010-11-07,397,1,268,463.53,1
18084,2010-11-16,2011-11-23,15,4,1067,885.71,0
18085,2010-03-21,2011-01-13,329,6,772,2031.8,1
18086,2011-03-10,2011-03-10,273,2,212,202.68,1
18087,2009-12-01,2011-09-02,97,19,11682,18817.24,1
18088,2011-10-09,2011-10-09,60,2,214,332.06,0
18089,2010-09-19,2010-09-19,446,1,95,428.45,1
18090,2010-10-14,2010-10-14,421,1,307,321.9,1
18091,2010-04-25,2010-04-25,592,1,539,360.85,1
18092,2009-12-04,2011-12-07,1,29,12550,23761.98,0
18093,2010-03-31,2011-09-07,92,12,4821,6559.23,1
18094,2010-01-07,2011-09-19,81,20,6682,9408.82,0
18095,2010-04-19,2011-01-31,312,7,2042,2883.14,1
18096,2010-07-14,2011-11-28,11,9,2197,2506.93,0
18097,2009-12-17,2011-12-02,7,17,4378,7290.32,0
18098,2010-11-08,2010-11-08,395,1,215,527.94,1
18099,2011-08-04,2011-08-04,126,2,298,336.62,1
18100,2010-06-07,2010-06-07,549,1,440,451.56,1
18101,2010-02-03,2011-11-28,10,7,334,844.41,0
18102,2009-12-01,2011-12-09,0,205,245769,840644.34,0
18103,2010-06-08,2010-06-08,548,1,23,105.8,1
18104,2011-11-02,2011-11-02,36,2,724,1509.28,0
18105,2011-11-02,2011-11-02,37,2,92,226.96,0
18106,2010-01-15,2011-01-14,329,7,632,1862.96,1
18107,2010-09-23,2010-09-23,441,1,65,165.88,1
18108,2009-12-02,2011-03-30,253,4,345,1119.81,1
18109,2010-07-01,2011-12-08,1,64,9052,17560.63,0
18110,2010-10-24,2011-11-20,19,3,241,591.08,0
18111,2010-04-29,2010-04-29,588,1,232,405.85,1
18112,2010-06-06,2011-11-27,11,6,698,1126.05,0
18113,2010-12-06,2010-12-06,368,2,144,152.64,1
18114,2011-02-22,2011-02-22,289,2,110,440.2,1
18115,2010-01-11,2010-01-11,697,1,3,9.7,1
18116,2010-10-24,2011-10-03,67,21,2104,3537.6,0
18117,2011-11-14,2011-11-14,25,2,1210,631.3,0
18118,2010-11-23,2011-11-29,10,55,6049,11846.1,0
18119,2010-12-07,2010-12-07,367,2,248,361.4,1
18120,2011-05-09,2011-05-09,213,2,62,222.3,1
18121,2011-07-08,2011-07-13,148,4,876,1306.6,1
18122,2011-07-12,2011-12-01,7,12,2450,3586.12,0
18123,2010-07-14,2011-11-15,23,5,1198,1241.08,0
18124,2010-08-24,2010-08-24,471,1,47,102.65,1
18125,2011-01-27,2011-11-10,29,8,1600,2263.5,0
18126,2011-10-10,2011-10-10,60,2,270,401.84,0
18127,2010-11-01,2011-11-20,18,7,437,903.21,0
18128,2010-06-20,2010-06-20,536,1,216,399.29,1
18129,2011-04-10,2011-04-10,242,2,96,225.1,1
18130,2011-10-13,2011-11-24,14,6,1648,2118.78,0
18131,2010-03-18,2010-03-18,631,1,552,222.96,1
18132,2010-07-23,2010-07-23,503,1,212,220.13,1
18133,2011-05-11,2011-05-11,211,2,2700,1863.0,1
18134,2010-01-14,2010-04-20,597,2,128,445.0,1
18135,2010-03-15,2011-11-10,28,15,1102,1931.53,0
18136,2010-09-14,2011-10-07,62,8,1239,2415.69,0
18137,2010-06-06,2010-06-06,550,2,59,145.99,1
18138,2011-02-17,2011-02-17,294,2,76,305.3,1
18139,2011-11-21,2011-11-22,17,12,11114,16876.68,0
18140,2010-08-23,2010-08-23,473,1,395,536.41,1
18141,2010-04-29,2010-11-03,401,2,433,882.47,1
18142,2011-05-08,2011-07-05,156,4,2552,2039.04,1
18143,2011-07-21,2011-08-15,116,4,1140,2000.32,1
18144,2009-12-16,2011-12-02,7,31,3487,7781.7,0
18145,2009-12-08,2011-11-27,12,15,7729,8471.29,0
18146,2011-05-03,2011-07-22,140,4,306,320.7,1
18147,2011-08-23,2011-10-25,45,4,406,358.68,0
18148,2010-03-03,2010-03-03,646,1,63,112.85,1
18149,2010-03-14,2011-10-20,50,10,1179,2166.04,0
18150,2011-05-22,2011-11-07,31,6,664,1133.16,0
18151,2010-03-04,2011-07-28,134,8,1341,2532.79,1
18152,2010-03-03,2010-03-03,645,1,75,426.69,1
18153,2010-02-18,2010-02-18,658,1,200,246.22,1
18154,2010-08-06,2011-12-06,2,7,881,1331.79,0
18155,2011-02-21,2011-09-25,74,6,532,743.24,0
18156,2010-12-05,2011-11-27,12,4,566,1351.28,0
18157,2010-05-17,2010-05-17,570,1,145,213.9,1
18158,2011-09-12,2011-11-30,8,4,708,906.8,0
18159,2011-02-11,2011-02-11,300,2,278,1060.3,1
18160,2010-11-18,2011-10-13,56,5,813,1641.94,0
18161,2010-11-25,2011-11-24,14,11,1777,3421.79,0
18162,2009-12-07,2009-12-07,731,1,332,371.51,1
18163,2010-05-04,2010-05-04,583,1,452,728.84,1
18164,2011-11-02,2011-11-02,36,2,368,799.3,0
18165,2011-06-15,2011-06-15,176,2,508,604.92,1
18166,2010-03-26,2010-03-26,623,1,90,175.5,1
18167,2011-08-26,2011-11-16,22,6,764,2769.72,0
18168,2009-12-03,2011-06-16,175,22,2587,4595.54,1
18169,2011-10-10,2011-10-10,60,2,122,405.3,0
18170,2010-01-08,2011-11-06,32,12,1593,3858.31,0
18171,2010-01-05,2011-10-12,58,14,1472,3668.62,0
18172,2009-12-11,2011-11-25,14,72,10591,25028.92,0
18173,2010-04-06,2011-09-14,86,9,2950,4803.2,0
18174,2010-04-15,2011-12-02,6,3,130,266.5,0
18175,2010-02-02,2010-02-02,675,1,70,176.1,1
18176,2010-12-16,2010-12-16,357,2,566,952.7,1
18177,2009-12-15,2011-11-08,30,15,1947,3557.19,0
18178,2010-02-18,2011-08-03,128,15,4833,7694.55,1
18179,2010-02-14,2011-11-30,8,14,3171,4340.72,0
18180,2011-07-20,2011-12-05,4,12,3442,3687.5,0
18181,2009-12-04,2011-11-15,23,6,643,1555.19,0
18182,2010-09-02,2010-09-02,462,1,167,291.13,1
18183,2011-03-10,2011-04-26,226,4,742,1264.14,1
18184,2011-11-24,2011-11-24,14,2,120,99.6,0
18185,2011-04-04,2011-04-04,248,2,366,608.5,1
18186,2009-12-17,2009-12-17,722,1,338,329.58,1
18187,2010-03-18,2010-03-18,631,1,310,724.89,1
18188,2010-03-26,2011-11-24,14,9,3056,5281.63,0
18189,2010-03-24,2011-09-23,77,5,1402,2493.97,0
18190,2009-12-22,2011-05-31,191,7,630,1030.08,1
18191,2010-08-19,2011-03-23,261,3,472,737.2,1
18192,2011-09-29,2011-09-29,71,2,678,1915.94,0
18193,2010-09-23,2011-06-27,164,4,1050,1451.11,1
18194,2010-01-28,2011-09-18,81,7,2406,5135.88,0
18195,2010-11-17,2010-11-17,386,1,60,101.16,1
18196,2010-03-17,2011-09-05,94,6,1469,2143.82,1
18197,2010-05-13,2010-05-13,575,1,166,230.1,1
18198,2011-01-07,2011-12-05,3,34,8148,10851.12,0
18199,2010-01-25,2010-01-25,683,1,99,344.75,1
18200,2011-08-25,2011-08-25,105,2,208,300.7,1
18201,2009-12-17,2009-12-17,722,1,191,447.53,1
18202,2011-02-01,2011-05-24,199,6,1162,2793.98,1
18203,2009-12-08,2011-07-05,156,5,154,652.94,1
18204,2011-05-31,2011-09-29,70,6,2380,3950.7,0
18205,2011-09-26,2011-11-03,35,4,384,1034.72,0
18206,2010-06-04,2010-06-04,552,1,246,314.66,1
18207,2010-07-28,2010-07-28,498,1,325,544.47,1
18208,2010-05-23,2010-05-23,565,1,82,360.08,1
18209,2011-11-11,2011-11-11,28,2,116,278.2,0
18210,2010-11-22,2011-12-08,1,13,2897,5390.21,0
18211,2011-03-06,2011-11-14,25,10,718,1200.14,0
18212,2010-01-31,2011-01-17,325,3,250,730.44,1
18213,2011-04-17,2011-04-17,236,2,464,464.96,1
18214,2010-06-03,2010-06-27,530,4,989,1780.34,1
18215,2010-03-26,2011-09-11,88,6,1249,2531.83,0
18216,2011-11-08,2011-11-08,30,2,400,963.5,0
18217,2010-07-01,2011-11-10,28,6,1231,1566.79,0
18218,2010-02-17,2011-05-12,210,6,1564,1763.76,1
18219,2009-12-07,2011-12-07,2,27,2471,5422.47,0
18220,2009-12-15,2011-04-27,226,7,1640,2227.04,1
18221,2010-11-14,2011-11-17,21,11,1791,2466.55,0
18222,2011-09-08,2011-09-08,92,2,670,886.0,1
18223,2009-12-04,2011-12-05,4,40,9592,20485.39,0
18224,2011-03-21,2011-03-21,263,2,138,317.9,1
18225,2009-12-04,2011-12-06,2,38,10524,18519.76,0
18226,2010-03-05,2011-10-26,43,37,11349,17106.93,0
18227,2010-08-12,2011-05-06,217,3,43,482.5,1
18228,2011-09-21,2011-10-14,56,4,476,1559.8,0
18229,2009-12-03,2011-11-28,11,48,5559,17427.41,0
18230,2010-07-02,2011-11-30,8,16,3312,7101.26,0
18231,2010-01-10,2011-05-31,191,33,3734,8925.94,1
18232,2011-05-26,2011-09-19,81,8,604,1185.94,0
18233,2011-01-18,2011-01-18,325,2,8,880.0,1
18234,2010-06-06,2010-06-06,551,1,80,179.6,1
18235,2011-05-06,2011-09-29,71,6,3156,3592.96,0
18236,2010-04-15,2011-11-10,29,18,1099,2677.59,0
18237,2011-07-28,2011-12-07,2,10,1244,1974.2,0
18238,2010-07-12,2010-07-12,514,1,114,270.92,1
18239,2010-10-13,2011-05-05,218,11,1639,3273.87,1
18240,2011-10-24,2011-10-24,45,2,252,845.16,0
18241,2010-04-01,2011-11-30,9,38,2522,5060.08,0
18242,2010-01-11,2011-09-28,71,12,3038,5837.7,0
18243,2010-10-21,2010-10-21,413,1,221,515.78,1
18244,2010-07-25,2010-10-05,430,2,856,568.64,1
18245,2010-03-08,2011-12-02,6,27,6886,8892.04,0
18246,2010-04-09,2011-11-16,23,5,380,1354.92,0
18247,2010-03-18,2010-10-21,414,3,335,839.73,1
18248,2011-06-06,2011-08-09,122,4,1022,1608.04,1
18249,2011-11-22,2011-11-22,16,2,256,190.68,0
18250,2011-02-02,2011-02-02,309,2,398,698.54,1
18251,2009-12-22,2011-09-13,86,10,47463,30593.58,0
18252,2009-12-18,2011-10-20,50,9,1166,2051.96,0
18253,2010-03-07,2010-03-07,642,1,128,317.88,1
18254,2010-05-07,2010-05-07,580,1,188,267.9,1
18255,2010-09-09,2011-09-11,88,3,275,406.45,0
18256,2010-11-17,2010-11-17,387,1,180,110.7,1
18257,2010-02-18,2011-10-31,38,20,3410,6937.78,0
18258,2010-05-16,2010-09-01,463,6,1981,2059.67,1
18259,2009-12-08,2011-11-15,24,10,1988,6280.5,0
18260,2009-12-15,2011-06-20,172,29,6719,12575.61,1
18261,2011-09-05,2011-10-27,42,4,292,648.48,0
18262,2010-04-16,2011-07-22,139,4,734,727.02,1
18263,2011-04-01,2011-11-14,25,6,2936,2426.32,0
18264,2010-07-29,2010-07-29,498,1,241,603.25,1
18265,2011-07-04,2011-09-28,71,4,622,1603.02,0
18266,2010-10-01,2010-10-01,433,1,138,251.1,1
18267,2010-02-05,2010-02-05,672,1,135,269.37,1
18268,2009-12-11,2011-07-28,133,7,713,1515.73,1
18269,2010-12-08,2010-12-08,365,2,152,337.2,1
18270,2010-10-03,2011-11-01,37,5,310,727.7,0
18271,2009-12-08,2010-04-09,609,2,319,680.85,1
18272,2010-03-04,2011-12-07,2,15,4930,7464.56,0
18273,2010-04-28,2011-12-07,1,7,220,561.0,0
18274,2011-11-09,2011-11-09,29,2,176,351.84,0
18275,2009-12-08,2010-05-10,577,2,417,741.85,1
18276,2009-12-10,2011-10-27,43,7,1432,1992.38,0
18277,2010-08-02,2011-10-12,57,6,517,1290.43,0
18278,2010-10-31,2011-09-27,73,3,206,588.1,0
18279,2010-07-08,2010-07-08,518,1,630,231.34,1
18280,2010-11-10,2011-03-07,277,3,239,668.75,1
18281,2010-05-11,2011-06-12,180,3,200,281.96,1
18282,2011-08-05,2011-12-02,7,4,206,356.1,0
18283,2010-02-19,2011-12-06,3,38,3036,4710.43,0
18284,2010-10-04,2010-10-04,431,1,494,461.68,1
18285,2010-02-17,2010-02-17,660,1,145,427.0,1
18286,2009-12-16,2010-08-20,476,2,608,1296.43,1
18287,2010-05-17,2011-10-28,42,10,4599,6020.27,0
